{"data":[{"ObjectIdentifier": "S-1-5-21-2606098828-3734741516-3625406802-1000", "AllowedToAct": [], "PrimaryGroupSID": "S-1-5-21-2606098828-3734741516-3625406802-516", "LocalAdmins": {"Collected": true, "FailureReason": null, "Results": [{"ObjectIdentifier": "S-1-5-21-2606098828-3734741516-3625406802-500", "ObjectType": "User"}, {"ObjectIdentifier": "S-1-5-21-2606098828-3734741516-3625406802-519", "ObjectType": "Group"}, {"ObjectIdentifier": "S-1-5-21-2606098828-3734741516-3625406802-512", "ObjectType": "Group"}]}, "PSRemoteUsers": {"Collected": true, "FailureReason": null, "Results": [{"ObjectIdentifier": "S-1-5-21-2606098828-3734741516-3625406802-500", "ObjectType": "User"}, {"ObjectIdentifier": "S-1-5-21-2606098828-3734741516-3625406802-1105", "ObjectType": "User"}, {"ObjectIdentifier": "S-1-5-21-2606098828-3734741516-3625406802-1601", "ObjectType": "User"}]}, "Properties": {"name": "DC01.INFILTRATOR.HTB", "domainsid": "S-1-5-21-2606098828-3734741516-3625406802", "domain": "INFILTRATOR.HTB", "distinguishedname": "CN=DC01,OU=DOMAIN CONTROLLERS,DC=INFILTRATOR,DC=HTB", "unconstraineddelegation": true, "enabled": true, "trustedtoauth": false, "samaccountname": "DC01$", "haslaps": false, "lastlogon": 1725393118, "lastlogontimestamp": 1725393105, "pwdlastset": 1722432025, "whencreated": 1701711375, "serviceprincipalnames": ["TERMSRV/DC01", "TERMSRV/dc01.infiltrator.htb", "ldap/dc01.infiltrator.htb/ForestDnsZones.infiltrator.htb", "ldap/dc01.infiltrator.htb/DomainDnsZones.infiltrator.htb", "Dfsr-12F9A27C-BF97-4787-9364-D31B6C55EB04/dc01.infiltrator.htb", "DNS/dc01.infiltrator.htb", "GC/dc01.infiltrator.htb/infiltrator.htb", "RestrictedKrbHost/dc01.infiltrator.htb", "RestrictedKrbHost/DC01", "RPC/6adba9f6-ed28-4685-bc82-b2fd98ca1bbe._msdcs.infiltrator.htb", "HOST/DC01/INFILTRATOR", "HOST/dc01.infiltrator.htb/INFILTRATOR", "HOST/DC01", "HOST/dc01.infiltrator.htb", "HOST/dc01.infiltrator.htb/infiltrator.htb", "E3514235-4B06-11D1-AB04-00C04FC2DCD2/6adba9f6-ed28-4685-bc82-b2fd98ca1bbe/infiltrator.htb", "ldap/DC01/INFILTRATOR", "ldap/6adba9f6-ed28-4685-bc82-b2fd98ca1bbe._msdcs.infiltrator.htb", "ldap/dc01.infiltrator.htb/INFILTRATOR", "ldap/DC01", "ldap/dc01.infiltrator.htb", "ldap/dc01.infiltrator.htb/infiltrator.htb"], "description": null, "operatingsystem": "Windows Server 2019 Standard", "sidhistory": []}, "RemoteDesktopUsers": {"Collected": true, "FailureReason": null, "Results": [{"ObjectIdentifier": "S-1-5-21-2606098828-3734741516-3625406802-1106", "ObjectType": "User"}]}, "DcomUsers": {"Collected": true, "FailureReason": null, "Results": []}, "AllowedToDelegate": [], "Sessions": {"Collected": true, "FailureReason": null, "Results": []}, "PrivilegedSessions": {"Collected": false, "FailureReason": null, "Results": []}, "RegistrySessions": {"Collected": false, "FailureReason": null, "Results": []}, "Aces": [{"RightName": "Owns", "IsInherited": false, "PrincipalSID": "S-1-5-21-2606098828-3734741516-3625406802-512", "PrincipalType": "Group"}, {"RightName": "GenericAll", "IsInherited": false, "PrincipalSID": "S-1-5-21-2606098828-3734741516-3625406802-512", "PrincipalType": "Group"}, {"RightName": "AddKeyCredentialLink", "IsInherited": true, "PrincipalSID": "S-1-5-21-2606098828-3734741516-3625406802-526", "PrincipalType": "Group"}, {"RightName": "AddKeyCredentialLink", "IsInherited": true, "PrincipalSID": "S-1-5-21-2606098828-3734741516-3625406802-527", "PrincipalType": "Group"}, {"RightName": "GenericAll", "IsInherited": true, "PrincipalSID": "S-1-5-21-2606098828-3734741516-3625406802-519", "PrincipalType": "Group"}, {"RightName": "GenericWrite", "IsInherited": true, "PrincipalSID": "INFILTRATOR.HTB-S-1-5-32-544", "PrincipalType": "Group"}, {"RightName": "WriteOwner", "IsInherited": true, "PrincipalSID": "INFILTRATOR.HTB-S-1-5-32-544", "PrincipalType": "Group"}, {"RightName": "WriteDacl", "IsInherited": true, "PrincipalSID": "INFILTRATOR.HTB-S-1-5-32-544", "PrincipalType": "Group"}], "HasSIDHistory": [], "IsDeleted": false, "Status": null, "IsACLProtected": false}],"meta":{"methods":0,"type":"computers","count":1, "version":5}}