{"data":[{"ObjectIdentifier": "S-1-5-21-2606098828-3734741516-3625406802-1115", "Properties": {"domain": "INFILTRATOR.HTB", "domainsid": "S-1-5-21-2606098828-3734741516-3625406802", "highvalue": false, "name": "MARKETING_TEAM@INFILTRATOR.HTB", "distinguishedname": "CN=MARKETING_TEAM,CN=USERS,DC=INFILTRATOR,DC=HTB", "admincount": false, "description": null, "samaccountname": "Marketing_Team", "whencreated": 1701716330}, "Members": [{"ObjectIdentifier": "S-1-5-21-2606098828-3734741516-3625406802-1104", "ObjectType": "User"}, {"ObjectIdentifier": "S-1-5-21-2606098828-3734741516-3625406802-1103", "ObjectType": "User"}], "Aces": [{"RightName": "Owns", "IsInherited": false, "PrincipalSID": "S-1-5-21-2606098828-3734741516-3625406802-512", "PrincipalType": "Group"}, {"RightName": "GenericAll", "IsInherited": false, "PrincipalSID": "S-1-5-21-2606098828-3734741516-3625406802-512", "PrincipalType": "Group"}, {"RightName": "GenericAll", "IsInherited": false, "PrincipalSID": "INFILTRATOR.HTB-S-1-5-32-548", "PrincipalType": "Group"}, {"RightName": "GenericAll", "IsInherited": true, "PrincipalSID": "S-1-5-21-2606098828-3734741516-3625406802-519", "PrincipalType": "Group"}, {"RightName": "GenericWrite", "IsInherited": true, "PrincipalSID": "INFILTRATOR.HTB-S-1-5-32-544", "PrincipalType": "Group"}, {"RightName": "WriteOwner", "IsInherited": true, "PrincipalSID": "INFILTRATOR.HTB-S-1-5-32-544", "PrincipalType": "Group"}, {"RightName": "WriteDacl", "IsInherited": true, "PrincipalSID": "INFILTRATOR.HTB-S-1-5-32-544", "PrincipalType": "Group"}], "IsDeleted": false, "IsACLProtected": false},{"ObjectIdentifier": "S-1-5-21-2606098828-3734741516-3625406802-1114", "Properties": {"domain": "INFILTRATOR.HTB", "domainsid": "S-1-5-21-2606098828-3734741516-3625406802", "highvalue": false, "name": "INFILTRATOR_QA@INFILTRATOR.HTB", "distinguishedname": "CN=INFILTRATOR_QA,CN=USERS,DC=INFILTRATOR,DC=HTB", "admincount": false, "description": null, "samaccountname": "Infiltrator_QA", "whencreated": 1701716304}, "Members": [{"ObjectIdentifier": "S-1-5-21-2606098828-3734741516-3625406802-1108", "ObjectType": "User"}], "Aces": [{"RightName": "Owns", "IsInherited": false, "PrincipalSID": "S-1-5-21-2606098828-3734741516-3625406802-512", "PrincipalType": "Group"}, {"RightName": "GenericAll", "IsInherited": false, "PrincipalSID": "S-1-5-21-2606098828-3734741516-3625406802-512", "PrincipalType": "Group"}, {"RightName": "GenericAll", "IsInherited": false, "PrincipalSID": "INFILTRATOR.HTB-S-1-5-32-548", "PrincipalType": "Group"}, {"RightName": "GenericAll", "IsInherited": true, "PrincipalSID": "S-1-5-21-2606098828-3734741516-3625406802-519", "PrincipalType": "Group"}, {"RightName": "GenericWrite", "IsInherited": true, "PrincipalSID": "INFILTRATOR.HTB-S-1-5-32-544", "PrincipalType": "Group"}, {"RightName": "WriteOwner", "IsInherited": true, "PrincipalSID": "INFILTRATOR.HTB-S-1-5-32-544", "PrincipalType": "Group"}, {"RightName": "WriteDacl", "IsInherited": true, "PrincipalSID": "INFILTRATOR.HTB-S-1-5-32-544", "PrincipalType": "Group"}], "IsDeleted": false, "IsACLProtected": false},{"ObjectIdentifier": "S-1-5-21-2606098828-3734741516-3625406802-1116", "Properties": {"domain": "INFILTRATOR.HTB", "domainsid": "S-1-5-21-2606098828-3734741516-3625406802", "highvalue": false, "name": "SERVICE_MANAGEMENT@INFILTRATOR.HTB", "distinguishedname": "CN=SERVICE_MANAGEMENT,CN=USERS,DC=INFILTRATOR,DC=HTB", "admincount": false, "description": null, "samaccountname": "Service_Management", "whencreated": 1701716377}, "Members": [{"ObjectIdentifier": "S-1-5-21-2606098828-3734741516-3625406802-1601", "ObjectType": "User"}], "Aces": [{"RightName": "Owns", "IsInherited": false, "PrincipalSID": "S-1-5-21-2606098828-3734741516-3625406802-512", "PrincipalType": "Group"}, {"RightName": "GenericAll", "IsInherited": false, "PrincipalSID": "S-1-5-21-2606098828-3734741516-3625406802-512", "PrincipalType": "Group"}, {"RightName": "GenericAll", "IsInherited": false, "PrincipalSID": "INFILTRATOR.HTB-S-1-5-32-548", "PrincipalType": "Group"}, {"RightName": "GenericAll", "IsInherited": true, "PrincipalSID": "S-1-5-21-2606098828-3734741516-3625406802-519", "PrincipalType": "Group"}, {"RightName": "GenericWrite", "IsInherited": true, "PrincipalSID": "INFILTRATOR.HTB-S-1-5-32-544", "PrincipalType": "Group"}, {"RightName": "WriteOwner", "IsInherited": true, "PrincipalSID": "INFILTRATOR.HTB-S-1-5-32-544", "PrincipalType": "Group"}, {"RightName": "WriteDacl", "IsInherited": true, "PrincipalSID": "INFILTRATOR.HTB-S-1-5-32-544", "PrincipalType": "Group"}], "IsDeleted": false, "IsACLProtected": false},{"ObjectIdentifier": "S-1-5-21-2606098828-3734741516-3625406802-1113", "Properties": {"domain": "INFILTRATOR.HTB", "domainsid": "S-1-5-21-2606098828-3734741516-3625406802", "highvalue": false, "name": "DIGITAL_INFLUENCERS@INFILTRATOR.HTB", "distinguishedname": "CN=DIGITAL_INFLUENCERS,CN=USERS,DC=INFILTRATOR,DC=HTB", "admincount": false, "description": null, "samaccountname": "Digital_Influencers", "whencreated": 1701716271}, "Members": [{"ObjectIdentifier": "S-1-5-21-2606098828-3734741516-3625406802-1109", "ObjectType": "User"}], "Aces": [{"RightName": "Owns", "IsInherited": false, "PrincipalSID": "S-1-5-21-2606098828-3734741516-3625406802-512", "PrincipalType": "Group"}, {"RightName": "GenericAll", "IsInherited": false, "PrincipalSID": "S-1-5-21-2606098828-3734741516-3625406802-512", "PrincipalType": "Group"}, {"RightName": "GenericAll", "IsInherited": false, "PrincipalSID": "INFILTRATOR.HTB-S-1-5-32-548", "PrincipalType": "Group"}, {"RightName": "GenericAll", "IsInherited": true, "PrincipalSID": "S-1-5-21-2606098828-3734741516-3625406802-519", "PrincipalType": "Group"}, {"RightName": "GenericWrite", "IsInherited": true, "PrincipalSID": "INFILTRATOR.HTB-S-1-5-32-544", "PrincipalType": "Group"}, {"RightName": "WriteOwner", "IsInherited": true, "PrincipalSID": "INFILTRATOR.HTB-S-1-5-32-544", "PrincipalType": "Group"}, {"RightName": "WriteDacl", "IsInherited": true, "PrincipalSID": "INFILTRATOR.HTB-S-1-5-32-544", "PrincipalType": "Group"}], "IsDeleted": false, "IsACLProtected": false},{"ObjectIdentifier": "S-1-5-21-2606098828-3734741516-3625406802-1112", "Properties": {"domain": "INFILTRATOR.HTB", "domainsid": "S-1-5-21-2606098828-3734741516-3625406802", "highvalue": false, "name": "DEVELOPERS@INFILTRATOR.HTB", "distinguishedname": "CN=DEVELOPERS,CN=USERS,DC=INFILTRATOR,DC=HTB", "admincount": false, "description": null, "samaccountname": "Developers", "whencreated": 1701716244}, "Members": [{"ObjectIdentifier": "S-1-5-21-2606098828-3734741516-3625406802-1105", "ObjectType": "User"}], "Aces": [{"RightName": "Owns", "IsInherited": false, "PrincipalSID": "S-1-5-21-2606098828-3734741516-3625406802-512", "PrincipalType": "Group"}, {"RightName": "GenericAll", "IsInherited": false, "PrincipalSID": "S-1-5-21-2606098828-3734741516-3625406802-512", "PrincipalType": "Group"}, {"RightName": "GenericAll", "IsInherited": false, "PrincipalSID": "INFILTRATOR.HTB-S-1-5-32-548", "PrincipalType": "Group"}, {"RightName": "GenericAll", "IsInherited": true, "PrincipalSID": "S-1-5-21-2606098828-3734741516-3625406802-519", "PrincipalType": "Group"}, {"RightName": "GenericWrite", "IsInherited": true, "PrincipalSID": "INFILTRATOR.HTB-S-1-5-32-544", "PrincipalType": "Group"}, {"RightName": "WriteOwner", "IsInherited": true, "PrincipalSID": "INFILTRATOR.HTB-S-1-5-32-544", "PrincipalType": "Group"}, {"RightName": "WriteDacl", "IsInherited": true, "PrincipalSID": "INFILTRATOR.HTB-S-1-5-32-544", "PrincipalType": "Group"}], "IsDeleted": false, "IsACLProtected": false},{"ObjectIdentifier": "S-1-5-21-2606098828-3734741516-3625406802-1111", "Properties": {"domain": "INFILTRATOR.HTB", "domainsid": "S-1-5-21-2606098828-3734741516-3625406802", "highvalue": false, "name": "CHIEFS MARKETING@INFILTRATOR.HTB", "distinguishedname": "CN=CHIEFS MARKETING,CN=USERS,DC=INFILTRATOR,DC=HTB", "admincount": false, "description": null, "samaccountname": "Chiefs Marketing", "whencreated": 1701716236}, "Members": [{"ObjectIdentifier": "S-1-5-21-2606098828-3734741516-3625406802-1107", "ObjectType": "User"}, {"ObjectIdentifier": "S-1-5-21-2606098828-3734741516-3625406802-1106", "ObjectType": "User"}], "Aces": [{"RightName": "Owns", "IsInherited": false, "PrincipalSID": "S-1-5-21-2606098828-3734741516-3625406802-512", "PrincipalType": "Group"}, {"RightName": "AddSelf", "IsInherited": false, "PrincipalSID": "S-1-5-21-2606098828-3734741516-3625406802-1109", "PrincipalType": "User"}, {"RightName": "GenericAll", "IsInherited": false, "PrincipalSID": "S-1-5-21-2606098828-3734741516-3625406802-512", "PrincipalType": "Group"}, {"RightName": "AddSelf", "IsInherited": false, "PrincipalSID": "S-1-5-21-2606098828-3734741516-3625406802-1109", "PrincipalType": "User"}, {"RightName": "GenericAll", "IsInherited": false, "PrincipalSID": "INFILTRATOR.HTB-S-1-5-32-548", "PrincipalType": "Group"}, {"RightName": "GenericAll", "IsInherited": true, "PrincipalSID": "S-1-5-21-2606098828-3734741516-3625406802-519", "PrincipalType": "Group"}, {"RightName": "GenericWrite", "IsInherited": true, "PrincipalSID": "INFILTRATOR.HTB-S-1-5-32-544", "PrincipalType": "Group"}, {"RightName": "WriteOwner", "IsInherited": true, "PrincipalSID": "INFILTRATOR.HTB-S-1-5-32-544", "PrincipalType": "Group"}, {"RightName": "WriteDacl", "IsInherited": true, "PrincipalSID": "INFILTRATOR.HTB-S-1-5-32-544", "PrincipalType": "Group"}], "IsDeleted": false, "IsACLProtected": false},{"ObjectIdentifier": "S-1-5-21-2606098828-3734741516-3625406802-1101", "Properties": {"domain": "INFILTRATOR.HTB", "domainsid": "S-1-5-21-2606098828-3734741516-3625406802", "highvalue": false, "name": "DNSADMINS@INFILTRATOR.HTB", "distinguishedname": "CN=DNSADMINS,CN=USERS,DC=INFILTRATOR,DC=HTB", "admincount": false, "description": "DNS Administrators Group", "samaccountname": "DnsAdmins", "whencreated": 1701711415}, "Members": [], "Aces": [{"RightName": "GenericAll", "IsInherited": false, "PrincipalSID": "S-1-5-21-2606098828-3734741516-3625406802-512", "PrincipalType": "Group"}, {"RightName": "GenericAll", "IsInherited": false, "PrincipalSID": "INFILTRATOR.HTB-S-1-5-32-548", "PrincipalType": "Group"}, {"RightName": "GenericAll", "IsInherited": true, "PrincipalSID": "S-1-5-21-2606098828-3734741516-3625406802-519", "PrincipalType": "Group"}, {"RightName": "GenericWrite", "IsInherited": true, "PrincipalSID": "INFILTRATOR.HTB-S-1-5-32-544", "PrincipalType": "Group"}, {"RightName": "WriteOwner", "IsInherited": true, "PrincipalSID": "INFILTRATOR.HTB-S-1-5-32-544", "PrincipalType": "Group"}, {"RightName": "WriteDacl", "IsInherited": true, "PrincipalSID": "INFILTRATOR.HTB-S-1-5-32-544", "PrincipalType": "Group"}], "IsDeleted": false, "IsACLProtected": false},{"ObjectIdentifier": "S-1-5-21-2606098828-3734741516-3625406802-1102", "Properties": {"domain": "INFILTRATOR.HTB", "domainsid": "S-1-5-21-2606098828-3734741516-3625406802", "highvalue": false, "name": "DNSUPDATEPROXY@INFILTRATOR.HTB", "distinguishedname": "CN=DNSUPDATEPROXY,CN=USERS,DC=INFILTRATOR,DC=HTB", "admincount": false, "description": "DNS clients who are permitted to perform dynamic updates on behalf of some other clients (such as DHCP servers).", "samaccountname": "DnsUpdateProxy", "whencreated": 1701711416}, "Members": [], "Aces": [{"RightName": "GenericAll", "IsInherited": false, "PrincipalSID": "S-1-5-21-2606098828-3734741516-3625406802-512", "PrincipalType": "Group"}, {"RightName": "GenericAll", "IsInherited": false, "PrincipalSID": "INFILTRATOR.HTB-S-1-5-32-548", "PrincipalType": "Group"}, {"RightName": "GenericAll", "IsInherited": true, "PrincipalSID": "S-1-5-21-2606098828-3734741516-3625406802-519", "PrincipalType": "Group"}, {"RightName": "GenericWrite", "IsInherited": true, "PrincipalSID": "INFILTRATOR.HTB-S-1-5-32-544", "PrincipalType": "Group"}, {"RightName": "WriteOwner", "IsInherited": true, "PrincipalSID": "INFILTRATOR.HTB-S-1-5-32-544", "PrincipalType": "Group"}, {"RightName": "WriteDacl", "IsInherited": true, "PrincipalSID": "INFILTRATOR.HTB-S-1-5-32-544", "PrincipalType": "Group"}], "IsDeleted": false, "IsACLProtected": false},{"ObjectIdentifier": "S-1-5-21-2606098828-3734741516-3625406802-527", "Properties": {"domain": "INFILTRATOR.HTB", "domainsid": "S-1-5-21-2606098828-3734741516-3625406802", "highvalue": false, "name": "ENTERPRISE KEY ADMINS@INFILTRATOR.HTB", "distinguishedname": "CN=ENTERPRISE KEY ADMINS,CN=USERS,DC=INFILTRATOR,DC=HTB", "admincount": true, "description": "Members of this group can perform administrative actions on key objects within the forest.", "samaccountname": "Enterprise Key Admins", "whencreated": 1701711376}, "Members": [], "Aces": [{"RightName": "Owns", "IsInherited": false, "PrincipalSID": "S-1-5-21-2606098828-3734741516-3625406802-512", "PrincipalType": "Group"}, {"RightName": "GenericWrite", "IsInherited": false, "PrincipalSID": "S-1-5-21-2606098828-3734741516-3625406802-512", "PrincipalType": "Group"}, {"RightName": "WriteOwner", "IsInherited": false, "PrincipalSID": "S-1-5-21-2606098828-3734741516-3625406802-512", "PrincipalType": "Group"}, {"RightName": "WriteDacl", "IsInherited": false, "PrincipalSID": "S-1-5-21-2606098828-3734741516-3625406802-512", "PrincipalType": "Group"}, {"RightName": "GenericWrite", "IsInherited": false, "PrincipalSID": "S-1-5-21-2606098828-3734741516-3625406802-519", "PrincipalType": "Group"}, {"RightName": "WriteOwner", "IsInherited": false, "PrincipalSID": "S-1-5-21-2606098828-3734741516-3625406802-519", "PrincipalType": "Group"}, {"RightName": "WriteDacl", "IsInherited": false, "PrincipalSID": "S-1-5-21-2606098828-3734741516-3625406802-519", "PrincipalType": "Group"}, {"RightName": "GenericWrite", "IsInherited": false, "PrincipalSID": "INFILTRATOR.HTB-S-1-5-32-544", "PrincipalType": "Group"}, {"RightName": "WriteOwner", "IsInherited": false, "PrincipalSID": "INFILTRATOR.HTB-S-1-5-32-544", "PrincipalType": "Group"}, {"RightName": "WriteDacl", "IsInherited": false, "PrincipalSID": "INFILTRATOR.HTB-S-1-5-32-544", "PrincipalType": "Group"}], "IsDeleted": false, "IsACLProtected": true},{"ObjectIdentifier": "S-1-5-21-2606098828-3734741516-3625406802-526", "Properties": {"domain": "INFILTRATOR.HTB", "domainsid": "S-1-5-21-2606098828-3734741516-3625406802", "highvalue": false, "name": "KEY ADMINS@INFILTRATOR.HTB", "distinguishedname": "CN=KEY ADMINS,CN=USERS,DC=INFILTRATOR,DC=HTB", "admincount": true, "description": "Members of this group can perform administrative actions on key objects within the domain.", "samaccountname": "Key Admins", "whencreated": 1701711376}, "Members": [], "Aces": [{"RightName": "Owns", "IsInherited": false, "PrincipalSID": "S-1-5-21-2606098828-3734741516-3625406802-512", "PrincipalType": "Group"}, {"RightName": "GenericWrite", "IsInherited": false, "PrincipalSID": "S-1-5-21-2606098828-3734741516-3625406802-512", "PrincipalType": "Group"}, {"RightName": "WriteOwner", "IsInherited": false, "PrincipalSID": "S-1-5-21-2606098828-3734741516-3625406802-512", "PrincipalType": "Group"}, {"RightName": "WriteDacl", "IsInherited": false, "PrincipalSID": "S-1-5-21-2606098828-3734741516-3625406802-512", "PrincipalType": "Group"}, {"RightName": "GenericWrite", "IsInherited": false, "PrincipalSID": "S-1-5-21-2606098828-3734741516-3625406802-519", "PrincipalType": "Group"}, {"RightName": "WriteOwner", "IsInherited": false, "PrincipalSID": "S-1-5-21-2606098828-3734741516-3625406802-519", "PrincipalType": "Group"}, {"RightName": "WriteDacl", "IsInherited": false, "PrincipalSID": "S-1-5-21-2606098828-3734741516-3625406802-519", "PrincipalType": "Group"}, {"RightName": "GenericWrite", "IsInherited": false, "PrincipalSID": "INFILTRATOR.HTB-S-1-5-32-544", "PrincipalType": "Group"}, {"RightName": "WriteOwner", "IsInherited": false, "PrincipalSID": "INFILTRATOR.HTB-S-1-5-32-544", "PrincipalType": "Group"}, {"RightName": "WriteDacl", "IsInherited": false, "PrincipalSID": "INFILTRATOR.HTB-S-1-5-32-544", "PrincipalType": "Group"}], "IsDeleted": false, "IsACLProtected": true},{"ObjectIdentifier": "S-1-5-21-2606098828-3734741516-3625406802-522", "Properties": {"domain": "INFILTRATOR.HTB", "domainsid": "S-1-5-21-2606098828-3734741516-3625406802", "highvalue": false, "name": "CLONEABLE DOMAIN CONTROLLERS@INFILTRATOR.HTB", "distinguishedname": "CN=CLONEABLE DOMAIN CONTROLLERS,CN=USERS,DC=INFILTRATOR,DC=HTB", "admincount": false, "description": "Members of this group that are domain controllers may be cloned.", "samaccountname": "Cloneable Domain Controllers", "whencreated": 1701711376}, "Members": [], "Aces": [{"RightName": "Owns", "IsInherited": false, "PrincipalSID": "S-1-5-21-2606098828-3734741516-3625406802-512", "PrincipalType": "Group"}, {"RightName": "GenericAll", "IsInherited": false, "PrincipalSID": "S-1-5-21-2606098828-3734741516-3625406802-512", "PrincipalType": "Group"}, {"RightName": "GenericAll", "IsInherited": false, "PrincipalSID": "INFILTRATOR.HTB-S-1-5-32-548", "PrincipalType": "Group"}, {"RightName": "GenericAll", "IsInherited": true, "PrincipalSID": "S-1-5-21-2606098828-3734741516-3625406802-519", "PrincipalType": "Group"}, {"RightName": "GenericWrite", "IsInherited": true, "PrincipalSID": "INFILTRATOR.HTB-S-1-5-32-544", "PrincipalType": "Group"}, {"RightName": "WriteOwner", "IsInherited": true, "PrincipalSID": "INFILTRATOR.HTB-S-1-5-32-544", "PrincipalType": "Group"}, {"RightName": "WriteDacl", "IsInherited": true, "PrincipalSID": "INFILTRATOR.HTB-S-1-5-32-544", "PrincipalType": "Group"}], "IsDeleted": false, "IsACLProtected": false},{"ObjectIdentifier": "S-1-5-21-2606098828-3734741516-3625406802-525", "Properties": {"domain": "INFILTRATOR.HTB", "domainsid": "S-1-5-21-2606098828-3734741516-3625406802", "highvalue": false, "name": "PROTECTED USERS@INFILTRATOR.HTB", "distinguishedname": "CN=PROTECTED USERS,CN=USERS,DC=INFILTRATOR,DC=HTB", "admincount": false, "description": "Members of this group are afforded additional protections against authentication security threats. See http://go.microsoft.com/fwlink/?LinkId=298939 for more information.", "samaccountname": "Protected Users", "whencreated": 1701711376}, "Members": [{"ObjectIdentifier": "S-1-5-21-2606098828-3734741516-3625406802-1105", "ObjectType": "User"}, {"ObjectIdentifier": "S-1-5-21-2606098828-3734741516-3625406802-1103", "ObjectType": "User"}], "Aces": [{"RightName": "Owns", "IsInherited": false, "PrincipalSID": "S-1-5-21-2606098828-3734741516-3625406802-512", "PrincipalType": "Group"}, {"RightName": "GenericAll", "IsInherited": false, "PrincipalSID": "S-1-5-21-2606098828-3734741516-3625406802-512", "PrincipalType": "Group"}, {"RightName": "GenericAll", "IsInherited": false, "PrincipalSID": "INFILTRATOR.HTB-S-1-5-32-548", "PrincipalType": "Group"}, {"RightName": "GenericAll", "IsInherited": true, "PrincipalSID": "S-1-5-21-2606098828-3734741516-3625406802-519", "PrincipalType": "Group"}, {"RightName": "GenericWrite", "IsInherited": true, "PrincipalSID": "INFILTRATOR.HTB-S-1-5-32-544", "PrincipalType": "Group"}, {"RightName": "WriteOwner", "IsInherited": true, "PrincipalSID": "INFILTRATOR.HTB-S-1-5-32-544", "PrincipalType": "Group"}, {"RightName": "WriteDacl", "IsInherited": true, "PrincipalSID": "INFILTRATOR.HTB-S-1-5-32-544", "PrincipalType": "Group"}], "IsDeleted": false, "IsACLProtected": false},{"ObjectIdentifier": "S-1-5-21-2606098828-3734741516-3625406802-521", "Properties": {"domain": "INFILTRATOR.HTB", "domainsid": "S-1-5-21-2606098828-3734741516-3625406802", "highvalue": false, "name": "READ-ONLY DOMAIN CONTROLLERS@INFILTRATOR.HTB", "distinguishedname": "CN=READ-ONLY DOMAIN CONTROLLERS,CN=USERS,DC=INFILTRATOR,DC=HTB", "admincount": true, "description": "Members of this group are Read-Only Domain Controllers in the domain", "samaccountname": "Read-only Domain Controllers", "whencreated": 1701711376}, "Members": [], "Aces": [{"RightName": "Owns", "IsInherited": false, "PrincipalSID": "S-1-5-21-2606098828-3734741516-3625406802-512", "PrincipalType": "Group"}, {"RightName": "GenericWrite", "IsInherited": false, "PrincipalSID": "S-1-5-21-2606098828-3734741516-3625406802-512", "PrincipalType": "Group"}, {"RightName": "WriteOwner", "IsInherited": false, "PrincipalSID": "S-1-5-21-2606098828-3734741516-3625406802-512", "PrincipalType": "Group"}, {"RightName": "WriteDacl", "IsInherited": false, "PrincipalSID": "S-1-5-21-2606098828-3734741516-3625406802-512", "PrincipalType": "Group"}, {"RightName": "GenericWrite", "IsInherited": false, "PrincipalSID": "S-1-5-21-2606098828-3734741516-3625406802-519", "PrincipalType": "Group"}, {"RightName": "WriteOwner", "IsInherited": false, "PrincipalSID": "S-1-5-21-2606098828-3734741516-3625406802-519", "PrincipalType": "Group"}, {"RightName": "WriteDacl", "IsInherited": false, "PrincipalSID": "S-1-5-21-2606098828-3734741516-3625406802-519", "PrincipalType": "Group"}, {"RightName": "GenericWrite", "IsInherited": false, "PrincipalSID": "INFILTRATOR.HTB-S-1-5-32-544", "PrincipalType": "Group"}, {"RightName": "WriteOwner", "IsInherited": false, "PrincipalSID": "INFILTRATOR.HTB-S-1-5-32-544", "PrincipalType": "Group"}, {"RightName": "WriteDacl", "IsInherited": false, "PrincipalSID": "INFILTRATOR.HTB-S-1-5-32-544", "PrincipalType": "Group"}], "IsDeleted": false, "IsACLProtected": true},{"ObjectIdentifier": "S-1-5-21-2606098828-3734741516-3625406802-498", "Properties": {"domain": "INFILTRATOR.HTB", "domainsid": "S-1-5-21-2606098828-3734741516-3625406802", "highvalue": false, "name": "ENTERPRISE READ-ONLY DOMAIN CONTROLLERS@INFILTRATOR.HTB", "distinguishedname": "CN=ENTERPRISE READ-ONLY DOMAIN CONTROLLERS,CN=USERS,DC=INFILTRATOR,DC=HTB", "admincount": false, "description": "Members of this group are Read-Only Domain Controllers in the enterprise", "samaccountname": "Enterprise Read-only Domain Controllers", "whencreated": 1701711376}, "Members": [], "Aces": [{"RightName": "Owns", "IsInherited": false, "PrincipalSID": "S-1-5-21-2606098828-3734741516-3625406802-512", "PrincipalType": "Group"}, {"RightName": "GenericAll", "IsInherited": false, "PrincipalSID": "S-1-5-21-2606098828-3734741516-3625406802-512", "PrincipalType": "Group"}, {"RightName": "GenericAll", "IsInherited": false, "PrincipalSID": "INFILTRATOR.HTB-S-1-5-32-548", "PrincipalType": "Group"}, {"RightName": "GenericAll", "IsInherited": true, "PrincipalSID": "S-1-5-21-2606098828-3734741516-3625406802-519", "PrincipalType": "Group"}, {"RightName": "GenericWrite", "IsInherited": true, "PrincipalSID": "INFILTRATOR.HTB-S-1-5-32-544", "PrincipalType": "Group"}, {"RightName": "WriteOwner", "IsInherited": true, "PrincipalSID": "INFILTRATOR.HTB-S-1-5-32-544", "PrincipalType": "Group"}, {"RightName": "WriteDacl", "IsInherited": true, "PrincipalSID": "INFILTRATOR.HTB-S-1-5-32-544", "PrincipalType": "Group"}], "IsDeleted": false, "IsACLProtected": false},{"ObjectIdentifier": "INFILTRATOR.HTB-S-1-5-32-561", "Properties": {"domain": "INFILTRATOR.HTB", "domainsid": "S-1-5-21-2606098828-3734741516-3625406802", "highvalue": false, "name": "TERMINAL SERVER LICENSE SERVERS@INFILTRATOR.HTB", "distinguishedname": "CN=TERMINAL SERVER LICENSE SERVERS,CN=BUILTIN,DC=INFILTRATOR,DC=HTB", "admincount": false, "description": "Members of this group can update user accounts in Active Directory with information about license issuance, for the purpose of tracking and reporting TS Per User CAL usage", "samaccountname": "Terminal Server License Servers", "whencreated": 1701711376}, "Members": [], "Aces": [{"RightName": "Owns", "IsInherited": false, "PrincipalSID": "S-1-5-21-2606098828-3734741516-3625406802-512", "PrincipalType": "Group"}, {"RightName": "GenericAll", "IsInherited": false, "PrincipalSID": "S-1-5-21-2606098828-3734741516-3625406802-512", "PrincipalType": "Group"}, {"RightName": "GenericAll", "IsInherited": false, "PrincipalSID": "INFILTRATOR.HTB-S-1-5-32-548", "PrincipalType": "Group"}, {"RightName": "GenericAll", "IsInherited": true, "PrincipalSID": "S-1-5-21-2606098828-3734741516-3625406802-519", "PrincipalType": "Group"}, {"RightName": "GenericWrite", "IsInherited": true, "PrincipalSID": "INFILTRATOR.HTB-S-1-5-32-544", "PrincipalType": "Group"}, {"RightName": "WriteOwner", "IsInherited": true, "PrincipalSID": "INFILTRATOR.HTB-S-1-5-32-544", "PrincipalType": "Group"}, {"RightName": "WriteDacl", "IsInherited": true, "PrincipalSID": "INFILTRATOR.HTB-S-1-5-32-544", "PrincipalType": "Group"}], "IsDeleted": false, "IsACLProtected": false},{"ObjectIdentifier": "S-1-5-21-2606098828-3734741516-3625406802-572", "Properties": {"domain": "INFILTRATOR.HTB", "domainsid": "S-1-5-21-2606098828-3734741516-3625406802", "highvalue": false, "name": "DENIED RODC PASSWORD REPLICATION GROUP@INFILTRATOR.HTB", "distinguishedname": "CN=DENIED RODC PASSWORD REPLICATION GROUP,CN=USERS,DC=INFILTRATOR,DC=HTB", "admincount": false, "description": "Members in this group cannot have their passwords replicated to any read-only domain controllers in the domain", "samaccountname": "Denied RODC Password Replication Group", "whencreated": 1701711376}, "Members": [{"ObjectIdentifier": "S-1-5-21-2606098828-3734741516-3625406802-521", "ObjectType": "Group"}, {"ObjectIdentifier": "S-1-5-21-2606098828-3734741516-3625406802-520", "ObjectType": "Group"}, {"ObjectIdentifier": "S-1-5-21-2606098828-3734741516-3625406802-512", "ObjectType": "Group"}, {"ObjectIdentifier": "S-1-5-21-2606098828-3734741516-3625406802-517", "ObjectType": "Group"}, {"ObjectIdentifier": "S-1-5-21-2606098828-3734741516-3625406802-519", "ObjectType": "Group"}, {"ObjectIdentifier": "S-1-5-21-2606098828-3734741516-3625406802-518", "ObjectType": "Group"}, {"ObjectIdentifier": "S-1-5-21-2606098828-3734741516-3625406802-516", "ObjectType": "Group"}, {"ObjectIdentifier": "S-1-5-21-2606098828-3734741516-3625406802-502", "ObjectType": "User"}], "Aces": [{"RightName": "Owns", "IsInherited": false, "PrincipalSID": "S-1-5-21-2606098828-3734741516-3625406802-512", "PrincipalType": "Group"}, {"RightName": "GenericAll", "IsInherited": false, "PrincipalSID": "S-1-5-21-2606098828-3734741516-3625406802-512", "PrincipalType": "Group"}, {"RightName": "GenericAll", "IsInherited": false, "PrincipalSID": "INFILTRATOR.HTB-S-1-5-32-548", "PrincipalType": "Group"}, {"RightName": "GenericAll", "IsInherited": true, "PrincipalSID": "S-1-5-21-2606098828-3734741516-3625406802-519", "PrincipalType": "Group"}, {"RightName": "GenericWrite", "IsInherited": true, "PrincipalSID": "INFILTRATOR.HTB-S-1-5-32-544", "PrincipalType": "Group"}, {"RightName": "WriteOwner", "IsInherited": true, "PrincipalSID": "INFILTRATOR.HTB-S-1-5-32-544", "PrincipalType": "Group"}, {"RightName": "WriteDacl", "IsInherited": true, "PrincipalSID": "INFILTRATOR.HTB-S-1-5-32-544", "PrincipalType": "Group"}], "IsDeleted": false, "IsACLProtected": false},{"ObjectIdentifier": "S-1-5-21-2606098828-3734741516-3625406802-571", "Properties": {"domain": "INFILTRATOR.HTB", "domainsid": "S-1-5-21-2606098828-3734741516-3625406802", "highvalue": false, "name": "ALLOWED RODC PASSWORD REPLICATION GROUP@INFILTRATOR.HTB", "distinguishedname": "CN=ALLOWED RODC PASSWORD REPLICATION GROUP,CN=USERS,DC=INFILTRATOR,DC=HTB", "admincount": false, "description": "Members in this group can have their passwords replicated to all read-only domain controllers in the domain", "samaccountname": "Allowed RODC Password Replication Group", "whencreated": 1701711376}, "Members": [], "Aces": [{"RightName": "Owns", "IsInherited": false, "PrincipalSID": "S-1-5-21-2606098828-3734741516-3625406802-512", "PrincipalType": "Group"}, {"RightName": "GenericAll", "IsInherited": false, "PrincipalSID": "S-1-5-21-2606098828-3734741516-3625406802-512", "PrincipalType": "Group"}, {"RightName": "GenericAll", "IsInherited": false, "PrincipalSID": "INFILTRATOR.HTB-S-1-5-32-548", "PrincipalType": "Group"}, {"RightName": "GenericAll", "IsInherited": true, "PrincipalSID": "S-1-5-21-2606098828-3734741516-3625406802-519", "PrincipalType": "Group"}, {"RightName": "GenericWrite", "IsInherited": true, "PrincipalSID": "INFILTRATOR.HTB-S-1-5-32-544", "PrincipalType": "Group"}, {"RightName": "WriteOwner", "IsInherited": true, "PrincipalSID": "INFILTRATOR.HTB-S-1-5-32-544", "PrincipalType": "Group"}, {"RightName": "WriteDacl", "IsInherited": true, "PrincipalSID": "INFILTRATOR.HTB-S-1-5-32-544", "PrincipalType": "Group"}], "IsDeleted": false, "IsACLProtected": false},{"ObjectIdentifier": "INFILTRATOR.HTB-S-1-5-32-560", "Properties": {"domain": "INFILTRATOR.HTB", "domainsid": "S-1-5-21-2606098828-3734741516-3625406802", "highvalue": false, "name": "WINDOWS AUTHORIZATION ACCESS GROUP@INFILTRATOR.HTB", "distinguishedname": "CN=WINDOWS AUTHORIZATION ACCESS GROUP,CN=BUILTIN,DC=INFILTRATOR,DC=HTB", "admincount": false, "description": "Members of this group have access to the computed tokenGroupsGlobalAndUniversal attribute on User objects", "samaccountname": "Windows Authorization Access Group", "whencreated": 1701711376}, "Members": [{"ObjectIdentifier": "INFILTRATOR.HTB-S-1-5-9", "ObjectType": "Group"}], "Aces": [{"RightName": "Owns", "IsInherited": false, "PrincipalSID": "S-1-5-21-2606098828-3734741516-3625406802-512", "PrincipalType": "Group"}, {"RightName": "GenericAll", "IsInherited": false, "PrincipalSID": "S-1-5-21-2606098828-3734741516-3625406802-512", "PrincipalType": "Group"}, {"RightName": "GenericAll", "IsInherited": false, "PrincipalSID": "INFILTRATOR.HTB-S-1-5-32-548", "PrincipalType": "Group"}, {"RightName": "GenericAll", "IsInherited": true, "PrincipalSID": "S-1-5-21-2606098828-3734741516-3625406802-519", "PrincipalType": "Group"}, {"RightName": "GenericWrite", "IsInherited": true, "PrincipalSID": "INFILTRATOR.HTB-S-1-5-32-544", "PrincipalType": "Group"}, {"RightName": "WriteOwner", "IsInherited": true, "PrincipalSID": "INFILTRATOR.HTB-S-1-5-32-544", "PrincipalType": "Group"}, {"RightName": "WriteDacl", "IsInherited": true, "PrincipalSID": "INFILTRATOR.HTB-S-1-5-32-544", "PrincipalType": "Group"}], "IsDeleted": false, "IsACLProtected": false},{"ObjectIdentifier": "INFILTRATOR.HTB-S-1-5-32-557", "Properties": {"domain": "INFILTRATOR.HTB", "domainsid": "S-1-5-21-2606098828-3734741516-3625406802", "highvalue": false, "name": "INCOMING FOREST TRUST BUILDERS@INFILTRATOR.HTB", "distinguishedname": "CN=INCOMING FOREST TRUST BUILDERS,CN=BUILTIN,DC=INFILTRATOR,DC=HTB", "admincount": false, "description": "Members of this group can create incoming, one-way trusts to this forest", "samaccountname": "Incoming Forest Trust Builders", "whencreated": 1701711376}, "Members": [], "Aces": [{"RightName": "Owns", "IsInherited": false, "PrincipalSID": "S-1-5-21-2606098828-3734741516-3625406802-512", "PrincipalType": "Group"}, {"RightName": "GenericAll", "IsInherited": false, "PrincipalSID": "S-1-5-21-2606098828-3734741516-3625406802-512", "PrincipalType": "Group"}, {"RightName": "GenericAll", "IsInherited": false, "PrincipalSID": "INFILTRATOR.HTB-S-1-5-32-548", "PrincipalType": "Group"}, {"RightName": "GenericAll", "IsInherited": true, "PrincipalSID": "S-1-5-21-2606098828-3734741516-3625406802-519", "PrincipalType": "Group"}, {"RightName": "GenericWrite", "IsInherited": true, "PrincipalSID": "INFILTRATOR.HTB-S-1-5-32-544", "PrincipalType": "Group"}, {"RightName": "WriteOwner", "IsInherited": true, "PrincipalSID": "INFILTRATOR.HTB-S-1-5-32-544", "PrincipalType": "Group"}, {"RightName": "WriteDacl", "IsInherited": true, "PrincipalSID": "INFILTRATOR.HTB-S-1-5-32-544", "PrincipalType": "Group"}], "IsDeleted": false, "IsACLProtected": false},{"ObjectIdentifier": "INFILTRATOR.HTB-S-1-5-32-549", "Properties": {"domain": "INFILTRATOR.HTB", "domainsid": "S-1-5-21-2606098828-3734741516-3625406802", "highvalue": true, "name": "SERVER OPERATORS@INFILTRATOR.HTB", "distinguishedname": "CN=SERVER OPERATORS,CN=BUILTIN,DC=INFILTRATOR,DC=HTB", "admincount": true, "description": "Members can administer domain servers", "samaccountname": "Server Operators", "whencreated": 1701711376}, "Members": [], "Aces": [{"RightName": "Owns", "IsInherited": false, "PrincipalSID": "S-1-5-21-2606098828-3734741516-3625406802-512", "PrincipalType": "Group"}, {"RightName": "GenericWrite", "IsInherited": false, "PrincipalSID": "S-1-5-21-2606098828-3734741516-3625406802-512", "PrincipalType": "Group"}, {"RightName": "WriteOwner", "IsInherited": false, "PrincipalSID": "S-1-5-21-2606098828-3734741516-3625406802-512", "PrincipalType": "Group"}, {"RightName": "WriteDacl", "IsInherited": false, "PrincipalSID": "S-1-5-21-2606098828-3734741516-3625406802-512", "PrincipalType": "Group"}, {"RightName": "GenericWrite", "IsInherited": false, "PrincipalSID": "S-1-5-21-2606098828-3734741516-3625406802-519", "PrincipalType": "Group"}, {"RightName": "WriteOwner", "IsInherited": false, "PrincipalSID": "S-1-5-21-2606098828-3734741516-3625406802-519", "PrincipalType": "Group"}, {"RightName": "WriteDacl", "IsInherited": false, "PrincipalSID": "S-1-5-21-2606098828-3734741516-3625406802-519", "PrincipalType": "Group"}, {"RightName": "GenericWrite", "IsInherited": false, "PrincipalSID": "INFILTRATOR.HTB-S-1-5-32-544", "PrincipalType": "Group"}, {"RightName": "WriteOwner", "IsInherited": false, "PrincipalSID": "INFILTRATOR.HTB-S-1-5-32-544", "PrincipalType": "Group"}, {"RightName": "WriteDacl", "IsInherited": false, "PrincipalSID": "INFILTRATOR.HTB-S-1-5-32-544", "PrincipalType": "Group"}], "IsDeleted": false, "IsACLProtected": true},{"ObjectIdentifier": "INFILTRATOR.HTB-S-1-5-32-548", "Properties": {"domain": "INFILTRATOR.HTB", "domainsid": "S-1-5-21-2606098828-3734741516-3625406802", "highvalue": true, "name": "ACCOUNT OPERATORS@INFILTRATOR.HTB", "distinguishedname": "CN=ACCOUNT OPERATORS,CN=BUILTIN,DC=INFILTRATOR,DC=HTB", "admincount": true, "description": "Members can administer domain user and group accounts", "samaccountname": "Account Operators", "whencreated": 1701711376}, "Members": [], "Aces": [{"RightName": "Owns", "IsInherited": false, "PrincipalSID": "S-1-5-21-2606098828-3734741516-3625406802-512", "PrincipalType": "Group"}, {"RightName": "GenericWrite", "IsInherited": false, "PrincipalSID": "S-1-5-21-2606098828-3734741516-3625406802-512", "PrincipalType": "Group"}, {"RightName": "WriteOwner", "IsInherited": false, "PrincipalSID": "S-1-5-21-2606098828-3734741516-3625406802-512", "PrincipalType": "Group"}, {"RightName": "WriteDacl", "IsInherited": false, "PrincipalSID": "S-1-5-21-2606098828-3734741516-3625406802-512", "PrincipalType": "Group"}, {"RightName": "GenericWrite", "IsInherited": false, "PrincipalSID": "S-1-5-21-2606098828-3734741516-3625406802-519", "PrincipalType": "Group"}, {"RightName": "WriteOwner", "IsInherited": false, "PrincipalSID": "S-1-5-21-2606098828-3734741516-3625406802-519", "PrincipalType": "Group"}, {"RightName": "WriteDacl", "IsInherited": false, "PrincipalSID": "S-1-5-21-2606098828-3734741516-3625406802-519", "PrincipalType": "Group"}, {"RightName": "GenericWrite", "IsInherited": false, "PrincipalSID": "INFILTRATOR.HTB-S-1-5-32-544", "PrincipalType": "Group"}, {"RightName": "WriteOwner", "IsInherited": false, "PrincipalSID": "INFILTRATOR.HTB-S-1-5-32-544", "PrincipalType": "Group"}, {"RightName": "WriteDacl", "IsInherited": false, "PrincipalSID": "INFILTRATOR.HTB-S-1-5-32-544", "PrincipalType": "Group"}], "IsDeleted": false, "IsACLProtected": true},{"ObjectIdentifier": "S-1-5-21-2606098828-3734741516-3625406802-553", "Properties": {"domain": "INFILTRATOR.HTB", "domainsid": "S-1-5-21-2606098828-3734741516-3625406802", "highvalue": false, "name": "RAS AND IAS SERVERS@INFILTRATOR.HTB", "distinguishedname": "CN=RAS AND IAS SERVERS,CN=USERS,DC=INFILTRATOR,DC=HTB", "admincount": false, "description": "Servers in this group can access remote access properties of users", "samaccountname": "RAS and IAS Servers", "whencreated": 1701711376}, "Members": [], "Aces": [{"RightName": "Owns", "IsInherited": false, "PrincipalSID": "S-1-5-21-2606098828-3734741516-3625406802-512", "PrincipalType": "Group"}, {"RightName": "GenericAll", "IsInherited": false, "PrincipalSID": "S-1-5-21-2606098828-3734741516-3625406802-512", "PrincipalType": "Group"}, {"RightName": "GenericAll", "IsInherited": false, "PrincipalSID": "INFILTRATOR.HTB-S-1-5-32-548", "PrincipalType": "Group"}, {"RightName": "GenericAll", "IsInherited": true, "PrincipalSID": "S-1-5-21-2606098828-3734741516-3625406802-519", "PrincipalType": "Group"}, {"RightName": "GenericWrite", "IsInherited": true, "PrincipalSID": "INFILTRATOR.HTB-S-1-5-32-544", "PrincipalType": "Group"}, {"RightName": "WriteOwner", "IsInherited": true, "PrincipalSID": "INFILTRATOR.HTB-S-1-5-32-544", "PrincipalType": "Group"}, {"RightName": "WriteDacl", "IsInherited": true, "PrincipalSID": "INFILTRATOR.HTB-S-1-5-32-544", "PrincipalType": "Group"}], "IsDeleted": false, "IsACLProtected": false},{"ObjectIdentifier": "S-1-5-21-2606098828-3734741516-3625406802-520", "Properties": {"domain": "INFILTRATOR.HTB", "domainsid": "S-1-5-21-2606098828-3734741516-3625406802", "highvalue": true, "name": "GROUP POLICY CREATOR OWNERS@INFILTRATOR.HTB", "distinguishedname": "CN=GROUP POLICY CREATOR OWNERS,CN=USERS,DC=INFILTRATOR,DC=HTB", "admincount": false, "description": "Members in this group can modify group policy for the domain", "samaccountname": "Group Policy Creator Owners", "whencreated": 1701711376}, "Members": [{"ObjectIdentifier": "S-1-5-21-2606098828-3734741516-3625406802-500", "ObjectType": "User"}], "Aces": [{"RightName": "Owns", "IsInherited": false, "PrincipalSID": "S-1-5-21-2606098828-3734741516-3625406802-512", "PrincipalType": "Group"}, {"RightName": "GenericAll", "IsInherited": false, "PrincipalSID": "S-1-5-21-2606098828-3734741516-3625406802-512", "PrincipalType": "Group"}, {"RightName": "GenericAll", "IsInherited": false, "PrincipalSID": "INFILTRATOR.HTB-S-1-5-32-548", "PrincipalType": "Group"}, {"RightName": "GenericAll", "IsInherited": true, "PrincipalSID": "S-1-5-21-2606098828-3734741516-3625406802-519", "PrincipalType": "Group"}, {"RightName": "GenericWrite", "IsInherited": true, "PrincipalSID": "INFILTRATOR.HTB-S-1-5-32-544", "PrincipalType": "Group"}, {"RightName": "WriteOwner", "IsInherited": true, "PrincipalSID": "INFILTRATOR.HTB-S-1-5-32-544", "PrincipalType": "Group"}, {"RightName": "WriteDacl", "IsInherited": true, "PrincipalSID": "INFILTRATOR.HTB-S-1-5-32-544", "PrincipalType": "Group"}], "IsDeleted": false, "IsACLProtected": false},{"ObjectIdentifier": "INFILTRATOR.HTB-S-1-5-32-554", "Properties": {"domain": "INFILTRATOR.HTB", "domainsid": "S-1-5-21-2606098828-3734741516-3625406802", "highvalue": false, "name": "PRE-WINDOWS 2000 COMPATIBLE ACCESS@INFILTRATOR.HTB", "distinguishedname": "CN=PRE-WINDOWS 2000 COMPATIBLE ACCESS,CN=BUILTIN,DC=INFILTRATOR,DC=HTB", "admincount": false, "description": "A backward compatibility group which allows read access on all users and groups in the domain", "samaccountname": "Pre-Windows 2000 Compatible Access", "whencreated": 1701711376}, "Members": [{"ObjectIdentifier": "S-1-5-21-2606098828-3734741516-3625406802-1000", "ObjectType": "Computer"}, {"ObjectIdentifier": "INFILTRATOR.HTB-S-1-5-11", "ObjectType": "Group"}], "Aces": [{"RightName": "Owns", "IsInherited": false, "PrincipalSID": "S-1-5-21-2606098828-3734741516-3625406802-512", "PrincipalType": "Group"}, {"RightName": "GenericAll", "IsInherited": false, "PrincipalSID": "S-1-5-21-2606098828-3734741516-3625406802-512", "PrincipalType": "Group"}, {"RightName": "GenericAll", "IsInherited": false, "PrincipalSID": "INFILTRATOR.HTB-S-1-5-32-548", "PrincipalType": "Group"}, {"RightName": "GenericAll", "IsInherited": true, "PrincipalSID": "S-1-5-21-2606098828-3734741516-3625406802-519", "PrincipalType": "Group"}, {"RightName": "GenericWrite", "IsInherited": true, "PrincipalSID": "INFILTRATOR.HTB-S-1-5-32-544", "PrincipalType": "Group"}, {"RightName": "WriteOwner", "IsInherited": true, "PrincipalSID": "INFILTRATOR.HTB-S-1-5-32-544", "PrincipalType": "Group"}, {"RightName": "WriteDacl", "IsInherited": true, "PrincipalSID": "INFILTRATOR.HTB-S-1-5-32-544", "PrincipalType": "Group"}], "IsDeleted": false, "IsACLProtected": false},{"ObjectIdentifier": "S-1-5-21-2606098828-3734741516-3625406802-514", "Properties": {"domain": "INFILTRATOR.HTB", "domainsid": "S-1-5-21-2606098828-3734741516-3625406802", "highvalue": false, "name": "DOMAIN GUESTS@INFILTRATOR.HTB", "distinguishedname": "CN=DOMAIN GUESTS,CN=USERS,DC=INFILTRATOR,DC=HTB", "admincount": false, "description": "All domain guests", "samaccountname": "Domain Guests", "whencreated": 1701711376}, "Members": [], "Aces": [{"RightName": "Owns", "IsInherited": false, "PrincipalSID": "S-1-5-21-2606098828-3734741516-3625406802-512", "PrincipalType": "Group"}, {"RightName": "GenericAll", "IsInherited": false, "PrincipalSID": "S-1-5-21-2606098828-3734741516-3625406802-512", "PrincipalType": "Group"}, {"RightName": "GenericAll", "IsInherited": false, "PrincipalSID": "INFILTRATOR.HTB-S-1-5-32-548", "PrincipalType": "Group"}, {"RightName": "GenericAll", "IsInherited": true, "PrincipalSID": "S-1-5-21-2606098828-3734741516-3625406802-519", "PrincipalType": "Group"}, {"RightName": "GenericWrite", "IsInherited": true, "PrincipalSID": "INFILTRATOR.HTB-S-1-5-32-544", "PrincipalType": "Group"}, {"RightName": "WriteOwner", "IsInherited": true, "PrincipalSID": "INFILTRATOR.HTB-S-1-5-32-544", "PrincipalType": "Group"}, {"RightName": "WriteDacl", "IsInherited": true, "PrincipalSID": "INFILTRATOR.HTB-S-1-5-32-544", "PrincipalType": "Group"}], "IsDeleted": false, "IsACLProtected": false},{"ObjectIdentifier": "S-1-5-21-2606098828-3734741516-3625406802-512", "Properties": {"domain": "INFILTRATOR.HTB", "domainsid": "S-1-5-21-2606098828-3734741516-3625406802", "highvalue": true, "name": "DOMAIN ADMINS@INFILTRATOR.HTB", "distinguishedname": "CN=DOMAIN ADMINS,CN=USERS,DC=INFILTRATOR,DC=HTB", "admincount": true, "description": "Designated administrators of the domain", "samaccountname": "Domain Admins", "whencreated": 1701711376}, "Members": [{"ObjectIdentifier": "S-1-5-21-2606098828-3734741516-3625406802-500", "ObjectType": "User"}], "Aces": [{"RightName": "Owns", "IsInherited": false, "PrincipalSID": "S-1-5-21-2606098828-3734741516-3625406802-512", "PrincipalType": "Group"}, {"RightName": "GenericWrite", "IsInherited": false, "PrincipalSID": "S-1-5-21-2606098828-3734741516-3625406802-512", "PrincipalType": "Group"}, {"RightName": "WriteOwner", "IsInherited": false, "PrincipalSID": "S-1-5-21-2606098828-3734741516-3625406802-512", "PrincipalType": "Group"}, {"RightName": "WriteDacl", "IsInherited": false, "PrincipalSID": "S-1-5-21-2606098828-3734741516-3625406802-512", "PrincipalType": "Group"}, {"RightName": "GenericWrite", "IsInherited": false, "PrincipalSID": "S-1-5-21-2606098828-3734741516-3625406802-519", "PrincipalType": "Group"}, {"RightName": "WriteOwner", "IsInherited": false, "PrincipalSID": "S-1-5-21-2606098828-3734741516-3625406802-519", "PrincipalType": "Group"}, {"RightName": "WriteDacl", "IsInherited": false, "PrincipalSID": "S-1-5-21-2606098828-3734741516-3625406802-519", "PrincipalType": "Group"}, {"RightName": "GenericWrite", "IsInherited": false, "PrincipalSID": "INFILTRATOR.HTB-S-1-5-32-544", "PrincipalType": "Group"}, {"RightName": "WriteOwner", "IsInherited": false, "PrincipalSID": "INFILTRATOR.HTB-S-1-5-32-544", "PrincipalType": "Group"}, {"RightName": "WriteDacl", "IsInherited": false, "PrincipalSID": "INFILTRATOR.HTB-S-1-5-32-544", "PrincipalType": "Group"}], "IsDeleted": false, "IsACLProtected": true},{"ObjectIdentifier": "S-1-5-21-2606098828-3734741516-3625406802-513", "Properties": {"domain": "INFILTRATOR.HTB", "domainsid": "S-1-5-21-2606098828-3734741516-3625406802", "highvalue": false, "name": "DOMAIN USERS@INFILTRATOR.HTB", "distinguishedname": "CN=DOMAIN USERS,CN=USERS,DC=INFILTRATOR,DC=HTB", "admincount": false, "description": "All domain users", "samaccountname": "Domain Users", "whencreated": 1701711376}, "Members": [], "Aces": [{"RightName": "Owns", "IsInherited": false, "PrincipalSID": "S-1-5-21-2606098828-3734741516-3625406802-512", "PrincipalType": "Group"}, {"RightName": "GenericAll", "IsInherited": false, "PrincipalSID": "S-1-5-21-2606098828-3734741516-3625406802-512", "PrincipalType": "Group"}, {"RightName": "GenericAll", "IsInherited": false, "PrincipalSID": "INFILTRATOR.HTB-S-1-5-32-548", "PrincipalType": "Group"}, {"RightName": "GenericAll", "IsInherited": true, "PrincipalSID": "S-1-5-21-2606098828-3734741516-3625406802-519", "PrincipalType": "Group"}, {"RightName": "GenericWrite", "IsInherited": true, "PrincipalSID": "INFILTRATOR.HTB-S-1-5-32-544", "PrincipalType": "Group"}, {"RightName": "WriteOwner", "IsInherited": true, "PrincipalSID": "INFILTRATOR.HTB-S-1-5-32-544", "PrincipalType": "Group"}, {"RightName": "WriteDacl", "IsInherited": true, "PrincipalSID": "INFILTRATOR.HTB-S-1-5-32-544", "PrincipalType": "Group"}], "IsDeleted": false, "IsACLProtected": false},{"ObjectIdentifier": "S-1-5-21-2606098828-3734741516-3625406802-519", "Properties": {"domain": "INFILTRATOR.HTB", "domainsid": "S-1-5-21-2606098828-3734741516-3625406802", "highvalue": true, "name": "ENTERPRISE ADMINS@INFILTRATOR.HTB", "distinguishedname": "CN=ENTERPRISE ADMINS,CN=USERS,DC=INFILTRATOR,DC=HTB", "admincount": true, "description": "Designated administrators of the enterprise", "samaccountname": "Enterprise Admins", "whencreated": 1701711376}, "Members": [{"ObjectIdentifier": "S-1-5-21-2606098828-3734741516-3625406802-500", "ObjectType": "User"}], "Aces": [{"RightName": "Owns", "IsInherited": false, "PrincipalSID": "S-1-5-21-2606098828-3734741516-3625406802-512", "PrincipalType": "Group"}, {"RightName": "GenericWrite", "IsInherited": false, "PrincipalSID": "S-1-5-21-2606098828-3734741516-3625406802-512", "PrincipalType": "Group"}, {"RightName": "WriteOwner", "IsInherited": false, "PrincipalSID": "S-1-5-21-2606098828-3734741516-3625406802-512", "PrincipalType": "Group"}, {"RightName": "WriteDacl", "IsInherited": false, "PrincipalSID": "S-1-5-21-2606098828-3734741516-3625406802-512", "PrincipalType": "Group"}, {"RightName": "GenericWrite", "IsInherited": false, "PrincipalSID": "S-1-5-21-2606098828-3734741516-3625406802-519", "PrincipalType": "Group"}, {"RightName": "WriteOwner", "IsInherited": false, "PrincipalSID": "S-1-5-21-2606098828-3734741516-3625406802-519", "PrincipalType": "Group"}, {"RightName": "WriteDacl", "IsInherited": false, "PrincipalSID": "S-1-5-21-2606098828-3734741516-3625406802-519", "PrincipalType": "Group"}, {"RightName": "GenericWrite", "IsInherited": false, "PrincipalSID": "INFILTRATOR.HTB-S-1-5-32-544", "PrincipalType": "Group"}, {"RightName": "WriteOwner", "IsInherited": false, "PrincipalSID": "INFILTRATOR.HTB-S-1-5-32-544", "PrincipalType": "Group"}, {"RightName": "WriteDacl", "IsInherited": false, "PrincipalSID": "INFILTRATOR.HTB-S-1-5-32-544", "PrincipalType": "Group"}], "IsDeleted": false, "IsACLProtected": true},{"ObjectIdentifier": "S-1-5-21-2606098828-3734741516-3625406802-518", "Properties": {"domain": "INFILTRATOR.HTB", "domainsid": "S-1-5-21-2606098828-3734741516-3625406802", "highvalue": false, "name": "SCHEMA ADMINS@INFILTRATOR.HTB", "distinguishedname": "CN=SCHEMA ADMINS,CN=USERS,DC=INFILTRATOR,DC=HTB", "admincount": true, "description": "Designated administrators of the schema", "samaccountname": "Schema Admins", "whencreated": 1701711376}, "Members": [{"ObjectIdentifier": "S-1-5-21-2606098828-3734741516-3625406802-500", "ObjectType": "User"}], "Aces": [{"RightName": "Owns", "IsInherited": false, "PrincipalSID": "S-1-5-21-2606098828-3734741516-3625406802-512", "PrincipalType": "Group"}, {"RightName": "GenericWrite", "IsInherited": false, "PrincipalSID": "S-1-5-21-2606098828-3734741516-3625406802-512", "PrincipalType": "Group"}, {"RightName": "WriteOwner", "IsInherited": false, "PrincipalSID": "S-1-5-21-2606098828-3734741516-3625406802-512", "PrincipalType": "Group"}, {"RightName": "WriteDacl", "IsInherited": false, "PrincipalSID": "S-1-5-21-2606098828-3734741516-3625406802-512", "PrincipalType": "Group"}, {"RightName": "GenericWrite", "IsInherited": false, "PrincipalSID": "S-1-5-21-2606098828-3734741516-3625406802-519", "PrincipalType": "Group"}, {"RightName": "WriteOwner", "IsInherited": false, "PrincipalSID": "S-1-5-21-2606098828-3734741516-3625406802-519", "PrincipalType": "Group"}, {"RightName": "WriteDacl", "IsInherited": false, "PrincipalSID": "S-1-5-21-2606098828-3734741516-3625406802-519", "PrincipalType": "Group"}, {"RightName": "GenericWrite", "IsInherited": false, "PrincipalSID": "INFILTRATOR.HTB-S-1-5-32-544", "PrincipalType": "Group"}, {"RightName": "WriteOwner", "IsInherited": false, "PrincipalSID": "INFILTRATOR.HTB-S-1-5-32-544", "PrincipalType": "Group"}, {"RightName": "WriteDacl", "IsInherited": false, "PrincipalSID": "INFILTRATOR.HTB-S-1-5-32-544", "PrincipalType": "Group"}], "IsDeleted": false, "IsACLProtected": true},{"ObjectIdentifier": "S-1-5-21-2606098828-3734741516-3625406802-517", "Properties": {"domain": "INFILTRATOR.HTB", "domainsid": "S-1-5-21-2606098828-3734741516-3625406802", "highvalue": false, "name": "CERT PUBLISHERS@INFILTRATOR.HTB", "distinguishedname": "CN=CERT PUBLISHERS,CN=USERS,DC=INFILTRATOR,DC=HTB", "admincount": false, "description": "Members of this group are permitted to publish certificates to the directory", "samaccountname": "Cert Publishers", "whencreated": 1701711376}, "Members": [{"ObjectIdentifier": "S-1-5-21-2606098828-3734741516-3625406802-1000", "ObjectType": "Computer"}], "Aces": [{"RightName": "Owns", "IsInherited": false, "PrincipalSID": "S-1-5-21-2606098828-3734741516-3625406802-512", "PrincipalType": "Group"}, {"RightName": "GenericAll", "IsInherited": false, "PrincipalSID": "S-1-5-21-2606098828-3734741516-3625406802-512", "PrincipalType": "Group"}, {"RightName": "GenericAll", "IsInherited": false, "PrincipalSID": "INFILTRATOR.HTB-S-1-5-32-548", "PrincipalType": "Group"}, {"RightName": "GenericAll", "IsInherited": true, "PrincipalSID": "S-1-5-21-2606098828-3734741516-3625406802-519", "PrincipalType": "Group"}, {"RightName": "GenericWrite", "IsInherited": true, "PrincipalSID": "INFILTRATOR.HTB-S-1-5-32-544", "PrincipalType": "Group"}, {"RightName": "WriteOwner", "IsInherited": true, "PrincipalSID": "INFILTRATOR.HTB-S-1-5-32-544", "PrincipalType": "Group"}, {"RightName": "WriteDacl", "IsInherited": true, "PrincipalSID": "INFILTRATOR.HTB-S-1-5-32-544", "PrincipalType": "Group"}], "IsDeleted": false, "IsACLProtected": false},{"ObjectIdentifier": "S-1-5-21-2606098828-3734741516-3625406802-516", "Properties": {"domain": "INFILTRATOR.HTB", "domainsid": "S-1-5-21-2606098828-3734741516-3625406802", "highvalue": true, "name": "DOMAIN CONTROLLERS@INFILTRATOR.HTB", "distinguishedname": "CN=DOMAIN CONTROLLERS,CN=USERS,DC=INFILTRATOR,DC=HTB", "admincount": true, "description": "All domain controllers in the domain", "samaccountname": "Domain Controllers", "whencreated": 1701711376}, "Members": [], "Aces": [{"RightName": "Owns", "IsInherited": false, "PrincipalSID": "S-1-5-21-2606098828-3734741516-3625406802-512", "PrincipalType": "Group"}, {"RightName": "GenericWrite", "IsInherited": false, "PrincipalSID": "S-1-5-21-2606098828-3734741516-3625406802-512", "PrincipalType": "Group"}, {"RightName": "WriteOwner", "IsInherited": false, "PrincipalSID": "S-1-5-21-2606098828-3734741516-3625406802-512", "PrincipalType": "Group"}, {"RightName": "WriteDacl", "IsInherited": false, "PrincipalSID": "S-1-5-21-2606098828-3734741516-3625406802-512", "PrincipalType": "Group"}, {"RightName": "GenericWrite", "IsInherited": false, "PrincipalSID": "S-1-5-21-2606098828-3734741516-3625406802-519", "PrincipalType": "Group"}, {"RightName": "WriteOwner", "IsInherited": false, "PrincipalSID": "S-1-5-21-2606098828-3734741516-3625406802-519", "PrincipalType": "Group"}, {"RightName": "WriteDacl", "IsInherited": false, "PrincipalSID": "S-1-5-21-2606098828-3734741516-3625406802-519", "PrincipalType": "Group"}, {"RightName": "GenericWrite", "IsInherited": false, "PrincipalSID": "INFILTRATOR.HTB-S-1-5-32-544", "PrincipalType": "Group"}, {"RightName": "WriteOwner", "IsInherited": false, "PrincipalSID": "INFILTRATOR.HTB-S-1-5-32-544", "PrincipalType": "Group"}, {"RightName": "WriteDacl", "IsInherited": false, "PrincipalSID": "INFILTRATOR.HTB-S-1-5-32-544", "PrincipalType": "Group"}], "IsDeleted": false, "IsACLProtected": true},{"ObjectIdentifier": "S-1-5-21-2606098828-3734741516-3625406802-515", "Properties": {"domain": "INFILTRATOR.HTB", "domainsid": "S-1-5-21-2606098828-3734741516-3625406802", "highvalue": false, "name": "DOMAIN COMPUTERS@INFILTRATOR.HTB", "distinguishedname": "CN=DOMAIN COMPUTERS,CN=USERS,DC=INFILTRATOR,DC=HTB", "admincount": false, "description": "All workstations and servers joined to the domain", "samaccountname": "Domain Computers", "whencreated": 1701711376}, "Members": [], "Aces": [{"RightName": "Owns", "IsInherited": false, "PrincipalSID": "S-1-5-21-2606098828-3734741516-3625406802-512", "PrincipalType": "Group"}, {"RightName": "GenericAll", "IsInherited": false, "PrincipalSID": "S-1-5-21-2606098828-3734741516-3625406802-512", "PrincipalType": "Group"}, {"RightName": "GenericAll", "IsInherited": false, "PrincipalSID": "INFILTRATOR.HTB-S-1-5-32-548", "PrincipalType": "Group"}, {"RightName": "GenericAll", "IsInherited": true, "PrincipalSID": "S-1-5-21-2606098828-3734741516-3625406802-519", "PrincipalType": "Group"}, {"RightName": "GenericWrite", "IsInherited": true, "PrincipalSID": "INFILTRATOR.HTB-S-1-5-32-544", "PrincipalType": "Group"}, {"RightName": "WriteOwner", "IsInherited": true, "PrincipalSID": "INFILTRATOR.HTB-S-1-5-32-544", "PrincipalType": "Group"}, {"RightName": "WriteDacl", "IsInherited": true, "PrincipalSID": "INFILTRATOR.HTB-S-1-5-32-544", "PrincipalType": "Group"}], "IsDeleted": false, "IsACLProtected": false},{"ObjectIdentifier": "INFILTRATOR.HTB-S-1-5-32-580", "Properties": {"domain": "INFILTRATOR.HTB", "domainsid": "S-1-5-21-2606098828-3734741516-3625406802", "highvalue": false, "name": "REMOTE MANAGEMENT USERS@INFILTRATOR.HTB", "distinguishedname": "CN=REMOTE MANAGEMENT USERS,CN=BUILTIN,DC=INFILTRATOR,DC=HTB", "admincount": false, "description": "Members of this group can access WMI resources over management protocols (such as WS-Management via the Windows Remote Management service). This applies only to WMI namespaces that grant access to the user.", "samaccountname": "Remote Management Users", "whencreated": 1701711307}, "Members": [{"ObjectIdentifier": "S-1-5-21-2606098828-3734741516-3625406802-1601", "ObjectType": "User"}, {"ObjectIdentifier": "S-1-5-21-2606098828-3734741516-3625406802-1105", "ObjectType": "User"}, {"ObjectIdentifier": "S-1-5-21-2606098828-3734741516-3625406802-500", "ObjectType": "User"}], "Aces": [{"RightName": "Owns", "IsInherited": false, "PrincipalSID": "INFILTRATOR.HTB-S-1-5-32-544", "PrincipalType": "Group"}, {"RightName": "GenericAll", "IsInherited": false, "PrincipalSID": "S-1-5-21-2606098828-3734741516-3625406802-512", "PrincipalType": "Group"}, {"RightName": "GenericAll", "IsInherited": false, "PrincipalSID": "INFILTRATOR.HTB-S-1-5-32-548", "PrincipalType": "Group"}, {"RightName": "GenericAll", "IsInherited": true, "PrincipalSID": "S-1-5-21-2606098828-3734741516-3625406802-519", "PrincipalType": "Group"}, {"RightName": "GenericWrite", "IsInherited": true, "PrincipalSID": "INFILTRATOR.HTB-S-1-5-32-544", "PrincipalType": "Group"}, {"RightName": "WriteOwner", "IsInherited": true, "PrincipalSID": "INFILTRATOR.HTB-S-1-5-32-544", "PrincipalType": "Group"}, {"RightName": "WriteDacl", "IsInherited": true, "PrincipalSID": "INFILTRATOR.HTB-S-1-5-32-544", "PrincipalType": "Group"}], "IsDeleted": false, "IsACLProtected": false},{"ObjectIdentifier": "INFILTRATOR.HTB-S-1-5-32-582", "Properties": {"domain": "INFILTRATOR.HTB", "domainsid": "S-1-5-21-2606098828-3734741516-3625406802", "highvalue": false, "name": "STORAGE REPLICA ADMINISTRATORS@INFILTRATOR.HTB", "distinguishedname": "CN=STORAGE REPLICA ADMINISTRATORS,CN=BUILTIN,DC=INFILTRATOR,DC=HTB", "admincount": false, "description": "Members of this group have complete and unrestricted access to all features of Storage Replica.", "samaccountname": "Storage Replica Administrators", "whencreated": 1701711307}, "Members": [], "Aces": [{"RightName": "Owns", "IsInherited": false, "PrincipalSID": "INFILTRATOR.HTB-S-1-5-32-544", "PrincipalType": "Group"}, {"RightName": "GenericAll", "IsInherited": false, "PrincipalSID": "S-1-5-21-2606098828-3734741516-3625406802-512", "PrincipalType": "Group"}, {"RightName": "GenericAll", "IsInherited": false, "PrincipalSID": "INFILTRATOR.HTB-S-1-5-32-548", "PrincipalType": "Group"}, {"RightName": "GenericAll", "IsInherited": true, "PrincipalSID": "S-1-5-21-2606098828-3734741516-3625406802-519", "PrincipalType": "Group"}, {"RightName": "GenericWrite", "IsInherited": true, "PrincipalSID": "INFILTRATOR.HTB-S-1-5-32-544", "PrincipalType": "Group"}, {"RightName": "WriteOwner", "IsInherited": true, "PrincipalSID": "INFILTRATOR.HTB-S-1-5-32-544", "PrincipalType": "Group"}, {"RightName": "WriteDacl", "IsInherited": true, "PrincipalSID": "INFILTRATOR.HTB-S-1-5-32-544", "PrincipalType": "Group"}], "IsDeleted": false, "IsACLProtected": false},{"ObjectIdentifier": "INFILTRATOR.HTB-S-1-5-32-578", "Properties": {"domain": "INFILTRATOR.HTB", "domainsid": "S-1-5-21-2606098828-3734741516-3625406802", "highvalue": false, "name": "HYPER-V ADMINISTRATORS@INFILTRATOR.HTB", "distinguishedname": "CN=HYPER-V ADMINISTRATORS,CN=BUILTIN,DC=INFILTRATOR,DC=HTB", "admincount": false, "description": "Members of this group have complete and unrestricted access to all features of Hyper-V.", "samaccountname": "Hyper-V Administrators", "whencreated": 1701711307}, "Members": [], "Aces": [{"RightName": "Owns", "IsInherited": false, "PrincipalSID": "INFILTRATOR.HTB-S-1-5-32-544", "PrincipalType": "Group"}, {"RightName": "GenericAll", "IsInherited": false, "PrincipalSID": "S-1-5-21-2606098828-3734741516-3625406802-512", "PrincipalType": "Group"}, {"RightName": "GenericAll", "IsInherited": false, "PrincipalSID": "INFILTRATOR.HTB-S-1-5-32-548", "PrincipalType": "Group"}, {"RightName": "GenericAll", "IsInherited": true, "PrincipalSID": "S-1-5-21-2606098828-3734741516-3625406802-519", "PrincipalType": "Group"}, {"RightName": "GenericWrite", "IsInherited": true, "PrincipalSID": "INFILTRATOR.HTB-S-1-5-32-544", "PrincipalType": "Group"}, {"RightName": "WriteOwner", "IsInherited": true, "PrincipalSID": "INFILTRATOR.HTB-S-1-5-32-544", "PrincipalType": "Group"}, {"RightName": "WriteDacl", "IsInherited": true, "PrincipalSID": "INFILTRATOR.HTB-S-1-5-32-544", "PrincipalType": "Group"}], "IsDeleted": false, "IsACLProtected": false},{"ObjectIdentifier": "INFILTRATOR.HTB-S-1-5-32-579", "Properties": {"domain": "INFILTRATOR.HTB", "domainsid": "S-1-5-21-2606098828-3734741516-3625406802", "highvalue": false, "name": "ACCESS CONTROL ASSISTANCE OPERATORS@INFILTRATOR.HTB", "distinguishedname": "CN=ACCESS CONTROL ASSISTANCE OPERATORS,CN=BUILTIN,DC=INFILTRATOR,DC=HTB", "admincount": false, "description": "Members of this group can remotely query authorization attributes and permissions for resources on this computer.", "samaccountname": "Access Control Assistance Operators", "whencreated": 1701711307}, "Members": [], "Aces": [{"RightName": "Owns", "IsInherited": false, "PrincipalSID": "INFILTRATOR.HTB-S-1-5-32-544", "PrincipalType": "Group"}, {"RightName": "GenericAll", "IsInherited": false, "PrincipalSID": "S-1-5-21-2606098828-3734741516-3625406802-512", "PrincipalType": "Group"}, {"RightName": "GenericAll", "IsInherited": false, "PrincipalSID": "INFILTRATOR.HTB-S-1-5-32-548", "PrincipalType": "Group"}, {"RightName": "GenericAll", "IsInherited": true, "PrincipalSID": "S-1-5-21-2606098828-3734741516-3625406802-519", "PrincipalType": "Group"}, {"RightName": "GenericWrite", "IsInherited": true, "PrincipalSID": "INFILTRATOR.HTB-S-1-5-32-544", "PrincipalType": "Group"}, {"RightName": "WriteOwner", "IsInherited": true, "PrincipalSID": "INFILTRATOR.HTB-S-1-5-32-544", "PrincipalType": "Group"}, {"RightName": "WriteDacl", "IsInherited": true, "PrincipalSID": "INFILTRATOR.HTB-S-1-5-32-544", "PrincipalType": "Group"}], "IsDeleted": false, "IsACLProtected": false},{"ObjectIdentifier": "INFILTRATOR.HTB-S-1-5-32-577", "Properties": {"domain": "INFILTRATOR.HTB", "domainsid": "S-1-5-21-2606098828-3734741516-3625406802", "highvalue": false, "name": "RDS MANAGEMENT SERVERS@INFILTRATOR.HTB", "distinguishedname": "CN=RDS MANAGEMENT SERVERS,CN=BUILTIN,DC=INFILTRATOR,DC=HTB", "admincount": false, "description": "Servers in this group can perform routine administrative actions on servers running Remote Desktop Services. This group needs to be populated on all servers in a Remote Desktop Services deployment. The servers running the RDS Central Management service must be included in this group.", "samaccountname": "RDS Management Servers", "whencreated": 1701711307}, "Members": [], "Aces": [{"RightName": "Owns", "IsInherited": false, "PrincipalSID": "INFILTRATOR.HTB-S-1-5-32-544", "PrincipalType": "Group"}, {"RightName": "GenericAll", "IsInherited": false, "PrincipalSID": "S-1-5-21-2606098828-3734741516-3625406802-512", "PrincipalType": "Group"}, {"RightName": "GenericAll", "IsInherited": false, "PrincipalSID": "INFILTRATOR.HTB-S-1-5-32-548", "PrincipalType": "Group"}, {"RightName": "GenericAll", "IsInherited": true, "PrincipalSID": "S-1-5-21-2606098828-3734741516-3625406802-519", "PrincipalType": "Group"}, {"RightName": "GenericWrite", "IsInherited": true, "PrincipalSID": "INFILTRATOR.HTB-S-1-5-32-544", "PrincipalType": "Group"}, {"RightName": "WriteOwner", "IsInherited": true, "PrincipalSID": "INFILTRATOR.HTB-S-1-5-32-544", "PrincipalType": "Group"}, {"RightName": "WriteDacl", "IsInherited": true, "PrincipalSID": "INFILTRATOR.HTB-S-1-5-32-544", "PrincipalType": "Group"}], "IsDeleted": false, "IsACLProtected": false},{"ObjectIdentifier": "INFILTRATOR.HTB-S-1-5-32-574", "Properties": {"domain": "INFILTRATOR.HTB", "domainsid": "S-1-5-21-2606098828-3734741516-3625406802", "highvalue": false, "name": "CERTIFICATE SERVICE DCOM ACCESS@INFILTRATOR.HTB", "distinguishedname": "CN=CERTIFICATE SERVICE DCOM ACCESS,CN=BUILTIN,DC=INFILTRATOR,DC=HTB", "admincount": false, "description": "Members of this group are allowed to connect to Certification Authorities in the enterprise", "samaccountname": "Certificate Service DCOM Access", "whencreated": 1701711307}, "Members": [{"ObjectIdentifier": "INFILTRATOR.HTB-S-1-5-11", "ObjectType": "Group"}], "Aces": [{"RightName": "Owns", "IsInherited": false, "PrincipalSID": "INFILTRATOR.HTB-S-1-5-32-544", "PrincipalType": "Group"}, {"RightName": "GenericAll", "IsInherited": false, "PrincipalSID": "S-1-5-21-2606098828-3734741516-3625406802-512", "PrincipalType": "Group"}, {"RightName": "GenericAll", "IsInherited": false, "PrincipalSID": "INFILTRATOR.HTB-S-1-5-32-548", "PrincipalType": "Group"}, {"RightName": "GenericAll", "IsInherited": true, "PrincipalSID": "S-1-5-21-2606098828-3734741516-3625406802-519", "PrincipalType": "Group"}, {"RightName": "GenericWrite", "IsInherited": true, "PrincipalSID": "INFILTRATOR.HTB-S-1-5-32-544", "PrincipalType": "Group"}, {"RightName": "WriteOwner", "IsInherited": true, "PrincipalSID": "INFILTRATOR.HTB-S-1-5-32-544", "PrincipalType": "Group"}, {"RightName": "WriteDacl", "IsInherited": true, "PrincipalSID": "INFILTRATOR.HTB-S-1-5-32-544", "PrincipalType": "Group"}], "IsDeleted": false, "IsACLProtected": false},{"ObjectIdentifier": "INFILTRATOR.HTB-S-1-5-32-576", "Properties": {"domain": "INFILTRATOR.HTB", "domainsid": "S-1-5-21-2606098828-3734741516-3625406802", "highvalue": false, "name": "RDS ENDPOINT SERVERS@INFILTRATOR.HTB", "distinguishedname": "CN=RDS ENDPOINT SERVERS,CN=BUILTIN,DC=INFILTRATOR,DC=HTB", "admincount": false, "description": "Servers in this group run virtual machines and host sessions where users RemoteApp programs and personal virtual desktops run. This group needs to be populated on servers running RD Connection Broker. RD Session Host servers and RD Virtualization Host servers used in the deployment need to be in this group.", "samaccountname": "RDS Endpoint Servers", "whencreated": 1701711307}, "Members": [], "Aces": [{"RightName": "Owns", "IsInherited": false, "PrincipalSID": "INFILTRATOR.HTB-S-1-5-32-544", "PrincipalType": "Group"}, {"RightName": "GenericAll", "IsInherited": false, "PrincipalSID": "S-1-5-21-2606098828-3734741516-3625406802-512", "PrincipalType": "Group"}, {"RightName": "GenericAll", "IsInherited": false, "PrincipalSID": "INFILTRATOR.HTB-S-1-5-32-548", "PrincipalType": "Group"}, {"RightName": "GenericAll", "IsInherited": true, "PrincipalSID": "S-1-5-21-2606098828-3734741516-3625406802-519", "PrincipalType": "Group"}, {"RightName": "GenericWrite", "IsInherited": true, "PrincipalSID": "INFILTRATOR.HTB-S-1-5-32-544", "PrincipalType": "Group"}, {"RightName": "WriteOwner", "IsInherited": true, "PrincipalSID": "INFILTRATOR.HTB-S-1-5-32-544", "PrincipalType": "Group"}, {"RightName": "WriteDacl", "IsInherited": true, "PrincipalSID": "INFILTRATOR.HTB-S-1-5-32-544", "PrincipalType": "Group"}], "IsDeleted": false, "IsACLProtected": false},{"ObjectIdentifier": "INFILTRATOR.HTB-S-1-5-32-575", "Properties": {"domain": "INFILTRATOR.HTB", "domainsid": "S-1-5-21-2606098828-3734741516-3625406802", "highvalue": false, "name": "RDS REMOTE ACCESS SERVERS@INFILTRATOR.HTB", "distinguishedname": "CN=RDS REMOTE ACCESS SERVERS,CN=BUILTIN,DC=INFILTRATOR,DC=HTB", "admincount": false, "description": "Servers in this group enable users of RemoteApp programs and personal virtual desktops access to these resources. In Internet-facing deployments, these servers are typically deployed in an edge network. This group needs to be populated on servers running RD Connection Broker. RD Gateway servers and RD Web Access servers used in the deployment need to be in this group.", "samaccountname": "RDS Remote Access Servers", "whencreated": 1701711307}, "Members": [], "Aces": [{"RightName": "Owns", "IsInherited": false, "PrincipalSID": "INFILTRATOR.HTB-S-1-5-32-544", "PrincipalType": "Group"}, {"RightName": "GenericAll", "IsInherited": false, "PrincipalSID": "S-1-5-21-2606098828-3734741516-3625406802-512", "PrincipalType": "Group"}, {"RightName": "GenericAll", "IsInherited": false, "PrincipalSID": "INFILTRATOR.HTB-S-1-5-32-548", "PrincipalType": "Group"}, {"RightName": "GenericAll", "IsInherited": true, "PrincipalSID": "S-1-5-21-2606098828-3734741516-3625406802-519", "PrincipalType": "Group"}, {"RightName": "GenericWrite", "IsInherited": true, "PrincipalSID": "INFILTRATOR.HTB-S-1-5-32-544", "PrincipalType": "Group"}, {"RightName": "WriteOwner", "IsInherited": true, "PrincipalSID": "INFILTRATOR.HTB-S-1-5-32-544", "PrincipalType": "Group"}, {"RightName": "WriteDacl", "IsInherited": true, "PrincipalSID": "INFILTRATOR.HTB-S-1-5-32-544", "PrincipalType": "Group"}], "IsDeleted": false, "IsACLProtected": false},{"ObjectIdentifier": "INFILTRATOR.HTB-S-1-5-32-573", "Properties": {"domain": "INFILTRATOR.HTB", "domainsid": "S-1-5-21-2606098828-3734741516-3625406802", "highvalue": false, "name": "EVENT LOG READERS@INFILTRATOR.HTB", "distinguishedname": "CN=EVENT LOG READERS,CN=BUILTIN,DC=INFILTRATOR,DC=HTB", "admincount": false, "description": "Members of this group can read event logs from local machine", "samaccountname": "Event Log Readers", "whencreated": 1701711307}, "Members": [], "Aces": [{"RightName": "Owns", "IsInherited": false, "PrincipalSID": "INFILTRATOR.HTB-S-1-5-32-544", "PrincipalType": "Group"}, {"RightName": "GenericAll", "IsInherited": false, "PrincipalSID": "S-1-5-21-2606098828-3734741516-3625406802-512", "PrincipalType": "Group"}, {"RightName": "GenericAll", "IsInherited": false, "PrincipalSID": "INFILTRATOR.HTB-S-1-5-32-548", "PrincipalType": "Group"}, {"RightName": "GenericAll", "IsInherited": true, "PrincipalSID": "S-1-5-21-2606098828-3734741516-3625406802-519", "PrincipalType": "Group"}, {"RightName": "GenericWrite", "IsInherited": true, "PrincipalSID": "INFILTRATOR.HTB-S-1-5-32-544", "PrincipalType": "Group"}, {"RightName": "WriteOwner", "IsInherited": true, "PrincipalSID": "INFILTRATOR.HTB-S-1-5-32-544", "PrincipalType": "Group"}, {"RightName": "WriteDacl", "IsInherited": true, "PrincipalSID": "INFILTRATOR.HTB-S-1-5-32-544", "PrincipalType": "Group"}], "IsDeleted": false, "IsACLProtected": false},{"ObjectIdentifier": "INFILTRATOR.HTB-S-1-5-32-569", "Properties": {"domain": "INFILTRATOR.HTB", "domainsid": "S-1-5-21-2606098828-3734741516-3625406802", "highvalue": false, "name": "CRYPTOGRAPHIC OPERATORS@INFILTRATOR.HTB", "distinguishedname": "CN=CRYPTOGRAPHIC OPERATORS,CN=BUILTIN,DC=INFILTRATOR,DC=HTB", "admincount": false, "description": "Members are authorized to perform cryptographic operations.", "samaccountname": "Cryptographic Operators", "whencreated": 1701711307}, "Members": [], "Aces": [{"RightName": "Owns", "IsInherited": false, "PrincipalSID": "INFILTRATOR.HTB-S-1-5-32-544", "PrincipalType": "Group"}, {"RightName": "GenericAll", "IsInherited": false, "PrincipalSID": "S-1-5-21-2606098828-3734741516-3625406802-512", "PrincipalType": "Group"}, {"RightName": "GenericAll", "IsInherited": false, "PrincipalSID": "INFILTRATOR.HTB-S-1-5-32-548", "PrincipalType": "Group"}, {"RightName": "GenericAll", "IsInherited": true, "PrincipalSID": "S-1-5-21-2606098828-3734741516-3625406802-519", "PrincipalType": "Group"}, {"RightName": "GenericWrite", "IsInherited": true, "PrincipalSID": "INFILTRATOR.HTB-S-1-5-32-544", "PrincipalType": "Group"}, {"RightName": "WriteOwner", "IsInherited": true, "PrincipalSID": "INFILTRATOR.HTB-S-1-5-32-544", "PrincipalType": "Group"}, {"RightName": "WriteDacl", "IsInherited": true, "PrincipalSID": "INFILTRATOR.HTB-S-1-5-32-544", "PrincipalType": "Group"}], "IsDeleted": false, "IsACLProtected": false},{"ObjectIdentifier": "INFILTRATOR.HTB-S-1-5-32-562", "Properties": {"domain": "INFILTRATOR.HTB", "domainsid": "S-1-5-21-2606098828-3734741516-3625406802", "highvalue": false, "name": "DISTRIBUTED COM USERS@INFILTRATOR.HTB", "distinguishedname": "CN=DISTRIBUTED COM USERS,CN=BUILTIN,DC=INFILTRATOR,DC=HTB", "admincount": false, "description": "Members are allowed to launch, activate and use Distributed COM objects on this machine.", "samaccountname": "Distributed COM Users", "whencreated": 1701711307}, "Members": [], "Aces": [{"RightName": "Owns", "IsInherited": false, "PrincipalSID": "INFILTRATOR.HTB-S-1-5-32-544", "PrincipalType": "Group"}, {"RightName": "GenericAll", "IsInherited": false, "PrincipalSID": "S-1-5-21-2606098828-3734741516-3625406802-512", "PrincipalType": "Group"}, {"RightName": "GenericAll", "IsInherited": false, "PrincipalSID": "INFILTRATOR.HTB-S-1-5-32-548", "PrincipalType": "Group"}, {"RightName": "GenericAll", "IsInherited": true, "PrincipalSID": "S-1-5-21-2606098828-3734741516-3625406802-519", "PrincipalType": "Group"}, {"RightName": "GenericWrite", "IsInherited": true, "PrincipalSID": "INFILTRATOR.HTB-S-1-5-32-544", "PrincipalType": "Group"}, {"RightName": "WriteOwner", "IsInherited": true, "PrincipalSID": "INFILTRATOR.HTB-S-1-5-32-544", "PrincipalType": "Group"}, {"RightName": "WriteDacl", "IsInherited": true, "PrincipalSID": "INFILTRATOR.HTB-S-1-5-32-544", "PrincipalType": "Group"}], "IsDeleted": false, "IsACLProtected": false},{"ObjectIdentifier": "INFILTRATOR.HTB-S-1-5-32-568", "Properties": {"domain": "INFILTRATOR.HTB", "domainsid": "S-1-5-21-2606098828-3734741516-3625406802", "highvalue": false, "name": "IIS_IUSRS@INFILTRATOR.HTB", "distinguishedname": "CN=IIS_IUSRS,CN=BUILTIN,DC=INFILTRATOR,DC=HTB", "admincount": false, "description": "Built-in group used by Internet Information Services.", "samaccountname": "IIS_IUSRS", "whencreated": 1701711307}, "Members": [], "Aces": [{"RightName": "Owns", "IsInherited": false, "PrincipalSID": "INFILTRATOR.HTB-S-1-5-32-544", "PrincipalType": "Group"}, {"RightName": "GenericAll", "IsInherited": false, "PrincipalSID": "S-1-5-21-2606098828-3734741516-3625406802-512", "PrincipalType": "Group"}, {"RightName": "GenericAll", "IsInherited": false, "PrincipalSID": "INFILTRATOR.HTB-S-1-5-32-548", "PrincipalType": "Group"}, {"RightName": "GenericAll", "IsInherited": true, "PrincipalSID": "S-1-5-21-2606098828-3734741516-3625406802-519", "PrincipalType": "Group"}, {"RightName": "GenericWrite", "IsInherited": true, "PrincipalSID": "INFILTRATOR.HTB-S-1-5-32-544", "PrincipalType": "Group"}, {"RightName": "WriteOwner", "IsInherited": true, "PrincipalSID": "INFILTRATOR.HTB-S-1-5-32-544", "PrincipalType": "Group"}, {"RightName": "WriteDacl", "IsInherited": true, "PrincipalSID": "INFILTRATOR.HTB-S-1-5-32-544", "PrincipalType": "Group"}], "IsDeleted": false, "IsACLProtected": false},{"ObjectIdentifier": "INFILTRATOR.HTB-S-1-5-32-559", "Properties": {"domain": "INFILTRATOR.HTB", "domainsid": "S-1-5-21-2606098828-3734741516-3625406802", "highvalue": false, "name": "PERFORMANCE LOG USERS@INFILTRATOR.HTB", "distinguishedname": "CN=PERFORMANCE LOG USERS,CN=BUILTIN,DC=INFILTRATOR,DC=HTB", "admincount": false, "description": "Members of this group may schedule logging of performance counters, enable trace providers, and collect event traces both locally and via remote access to this computer", "samaccountname": "Performance Log Users", "whencreated": 1701711307}, "Members": [], "Aces": [{"RightName": "Owns", "IsInherited": false, "PrincipalSID": "INFILTRATOR.HTB-S-1-5-32-544", "PrincipalType": "Group"}, {"RightName": "GenericAll", "IsInherited": false, "PrincipalSID": "S-1-5-21-2606098828-3734741516-3625406802-512", "PrincipalType": "Group"}, {"RightName": "GenericAll", "IsInherited": false, "PrincipalSID": "INFILTRATOR.HTB-S-1-5-32-548", "PrincipalType": "Group"}, {"RightName": "GenericAll", "IsInherited": true, "PrincipalSID": "S-1-5-21-2606098828-3734741516-3625406802-519", "PrincipalType": "Group"}, {"RightName": "GenericWrite", "IsInherited": true, "PrincipalSID": "INFILTRATOR.HTB-S-1-5-32-544", "PrincipalType": "Group"}, {"RightName": "WriteOwner", "IsInherited": true, "PrincipalSID": "INFILTRATOR.HTB-S-1-5-32-544", "PrincipalType": "Group"}, {"RightName": "WriteDacl", "IsInherited": true, "PrincipalSID": "INFILTRATOR.HTB-S-1-5-32-544", "PrincipalType": "Group"}], "IsDeleted": false, "IsACLProtected": false},{"ObjectIdentifier": "INFILTRATOR.HTB-S-1-5-32-558", "Properties": {"domain": "INFILTRATOR.HTB", "domainsid": "S-1-5-21-2606098828-3734741516-3625406802", "highvalue": false, "name": "PERFORMANCE MONITOR USERS@INFILTRATOR.HTB", "distinguishedname": "CN=PERFORMANCE MONITOR USERS,CN=BUILTIN,DC=INFILTRATOR,DC=HTB", "admincount": false, "description": "Members of this group can access performance counter data locally and remotely", "samaccountname": "Performance Monitor Users", "whencreated": 1701711307}, "Members": [], "Aces": [{"RightName": "Owns", "IsInherited": false, "PrincipalSID": "INFILTRATOR.HTB-S-1-5-32-544", "PrincipalType": "Group"}, {"RightName": "GenericAll", "IsInherited": false, "PrincipalSID": "S-1-5-21-2606098828-3734741516-3625406802-512", "PrincipalType": "Group"}, {"RightName": "GenericAll", "IsInherited": false, "PrincipalSID": "INFILTRATOR.HTB-S-1-5-32-548", "PrincipalType": "Group"}, {"RightName": "GenericAll", "IsInherited": true, "PrincipalSID": "S-1-5-21-2606098828-3734741516-3625406802-519", "PrincipalType": "Group"}, {"RightName": "GenericWrite", "IsInherited": true, "PrincipalSID": "INFILTRATOR.HTB-S-1-5-32-544", "PrincipalType": "Group"}, {"RightName": "WriteOwner", "IsInherited": true, "PrincipalSID": "INFILTRATOR.HTB-S-1-5-32-544", "PrincipalType": "Group"}, {"RightName": "WriteDacl", "IsInherited": true, "PrincipalSID": "INFILTRATOR.HTB-S-1-5-32-544", "PrincipalType": "Group"}], "IsDeleted": false, "IsACLProtected": false},{"ObjectIdentifier": "INFILTRATOR.HTB-S-1-5-32-556", "Properties": {"domain": "INFILTRATOR.HTB", "domainsid": "S-1-5-21-2606098828-3734741516-3625406802", "highvalue": false, "name": "NETWORK CONFIGURATION OPERATORS@INFILTRATOR.HTB", "distinguishedname": "CN=NETWORK CONFIGURATION OPERATORS,CN=BUILTIN,DC=INFILTRATOR,DC=HTB", "admincount": false, "description": "Members in this group can have some administrative privileges to manage configuration of networking features", "samaccountname": "Network Configuration Operators", "whencreated": 1701711307}, "Members": [], "Aces": [{"RightName": "Owns", "IsInherited": false, "PrincipalSID": "INFILTRATOR.HTB-S-1-5-32-544", "PrincipalType": "Group"}, {"RightName": "GenericAll", "IsInherited": false, "PrincipalSID": "S-1-5-21-2606098828-3734741516-3625406802-512", "PrincipalType": "Group"}, {"RightName": "GenericAll", "IsInherited": false, "PrincipalSID": "INFILTRATOR.HTB-S-1-5-32-548", "PrincipalType": "Group"}, {"RightName": "GenericAll", "IsInherited": true, "PrincipalSID": "S-1-5-21-2606098828-3734741516-3625406802-519", "PrincipalType": "Group"}, {"RightName": "GenericWrite", "IsInherited": true, "PrincipalSID": "INFILTRATOR.HTB-S-1-5-32-544", "PrincipalType": "Group"}, {"RightName": "WriteOwner", "IsInherited": true, "PrincipalSID": "INFILTRATOR.HTB-S-1-5-32-544", "PrincipalType": "Group"}, {"RightName": "WriteDacl", "IsInherited": true, "PrincipalSID": "INFILTRATOR.HTB-S-1-5-32-544", "PrincipalType": "Group"}], "IsDeleted": false, "IsACLProtected": false},{"ObjectIdentifier": "INFILTRATOR.HTB-S-1-5-32-552", "Properties": {"domain": "INFILTRATOR.HTB", "domainsid": "S-1-5-21-2606098828-3734741516-3625406802", "highvalue": false, "name": "REPLICATOR@INFILTRATOR.HTB", "distinguishedname": "CN=REPLICATOR,CN=BUILTIN,DC=INFILTRATOR,DC=HTB", "admincount": true, "description": "Supports file replication in a domain", "samaccountname": "Replicator", "whencreated": 1701711307}, "Members": [], "Aces": [{"RightName": "Owns", "IsInherited": false, "PrincipalSID": "S-1-5-21-2606098828-3734741516-3625406802-512", "PrincipalType": "Group"}, {"RightName": "GenericWrite", "IsInherited": false, "PrincipalSID": "S-1-5-21-2606098828-3734741516-3625406802-512", "PrincipalType": "Group"}, {"RightName": "WriteOwner", "IsInherited": false, "PrincipalSID": "S-1-5-21-2606098828-3734741516-3625406802-512", "PrincipalType": "Group"}, {"RightName": "WriteDacl", "IsInherited": false, "PrincipalSID": "S-1-5-21-2606098828-3734741516-3625406802-512", "PrincipalType": "Group"}, {"RightName": "GenericWrite", "IsInherited": false, "PrincipalSID": "S-1-5-21-2606098828-3734741516-3625406802-519", "PrincipalType": "Group"}, {"RightName": "WriteOwner", "IsInherited": false, "PrincipalSID": "S-1-5-21-2606098828-3734741516-3625406802-519", "PrincipalType": "Group"}, {"RightName": "WriteDacl", "IsInherited": false, "PrincipalSID": "S-1-5-21-2606098828-3734741516-3625406802-519", "PrincipalType": "Group"}, {"RightName": "GenericWrite", "IsInherited": false, "PrincipalSID": "INFILTRATOR.HTB-S-1-5-32-544", "PrincipalType": "Group"}, {"RightName": "WriteOwner", "IsInherited": false, "PrincipalSID": "INFILTRATOR.HTB-S-1-5-32-544", "PrincipalType": "Group"}, {"RightName": "WriteDacl", "IsInherited": false, "PrincipalSID": "INFILTRATOR.HTB-S-1-5-32-544", "PrincipalType": "Group"}], "IsDeleted": false, "IsACLProtected": true},{"ObjectIdentifier": "INFILTRATOR.HTB-S-1-5-32-555", "Properties": {"domain": "INFILTRATOR.HTB", "domainsid": "S-1-5-21-2606098828-3734741516-3625406802", "highvalue": false, "name": "REMOTE DESKTOP USERS@INFILTRATOR.HTB", "distinguishedname": "CN=REMOTE DESKTOP USERS,CN=BUILTIN,DC=INFILTRATOR,DC=HTB", "admincount": false, "description": "Members in this group are granted the right to logon remotely", "samaccountname": "Remote Desktop Users", "whencreated": 1701711307}, "Members": [{"ObjectIdentifier": "S-1-5-21-2606098828-3734741516-3625406802-1106", "ObjectType": "User"}], "Aces": [{"RightName": "Owns", "IsInherited": false, "PrincipalSID": "INFILTRATOR.HTB-S-1-5-32-544", "PrincipalType": "Group"}, {"RightName": "GenericAll", "IsInherited": false, "PrincipalSID": "S-1-5-21-2606098828-3734741516-3625406802-512", "PrincipalType": "Group"}, {"RightName": "GenericAll", "IsInherited": false, "PrincipalSID": "INFILTRATOR.HTB-S-1-5-32-548", "PrincipalType": "Group"}, {"RightName": "GenericAll", "IsInherited": true, "PrincipalSID": "S-1-5-21-2606098828-3734741516-3625406802-519", "PrincipalType": "Group"}, {"RightName": "GenericWrite", "IsInherited": true, "PrincipalSID": "INFILTRATOR.HTB-S-1-5-32-544", "PrincipalType": "Group"}, {"RightName": "WriteOwner", "IsInherited": true, "PrincipalSID": "INFILTRATOR.HTB-S-1-5-32-544", "PrincipalType": "Group"}, {"RightName": "WriteDacl", "IsInherited": true, "PrincipalSID": "INFILTRATOR.HTB-S-1-5-32-544", "PrincipalType": "Group"}], "IsDeleted": false, "IsACLProtected": false},{"ObjectIdentifier": "INFILTRATOR.HTB-S-1-5-32-551", "Properties": {"domain": "INFILTRATOR.HTB", "domainsid": "S-1-5-21-2606098828-3734741516-3625406802", "highvalue": true, "name": "BACKUP OPERATORS@INFILTRATOR.HTB", "distinguishedname": "CN=BACKUP OPERATORS,CN=BUILTIN,DC=INFILTRATOR,DC=HTB", "admincount": true, "description": "Backup Operators can override security restrictions for the sole purpose of backing up or restoring files", "samaccountname": "Backup Operators", "whencreated": 1701711307}, "Members": [], "Aces": [{"RightName": "Owns", "IsInherited": false, "PrincipalSID": "S-1-5-21-2606098828-3734741516-3625406802-512", "PrincipalType": "Group"}, {"RightName": "GenericWrite", "IsInherited": false, "PrincipalSID": "S-1-5-21-2606098828-3734741516-3625406802-512", "PrincipalType": "Group"}, {"RightName": "WriteOwner", "IsInherited": false, "PrincipalSID": "S-1-5-21-2606098828-3734741516-3625406802-512", "PrincipalType": "Group"}, {"RightName": "WriteDacl", "IsInherited": false, "PrincipalSID": "S-1-5-21-2606098828-3734741516-3625406802-512", "PrincipalType": "Group"}, {"RightName": "GenericWrite", "IsInherited": false, "PrincipalSID": "S-1-5-21-2606098828-3734741516-3625406802-519", "PrincipalType": "Group"}, {"RightName": "WriteOwner", "IsInherited": false, "PrincipalSID": "S-1-5-21-2606098828-3734741516-3625406802-519", "PrincipalType": "Group"}, {"RightName": "WriteDacl", "IsInherited": false, "PrincipalSID": "S-1-5-21-2606098828-3734741516-3625406802-519", "PrincipalType": "Group"}, {"RightName": "GenericWrite", "IsInherited": false, "PrincipalSID": "INFILTRATOR.HTB-S-1-5-32-544", "PrincipalType": "Group"}, {"RightName": "WriteOwner", "IsInherited": false, "PrincipalSID": "INFILTRATOR.HTB-S-1-5-32-544", "PrincipalType": "Group"}, {"RightName": "WriteDacl", "IsInherited": false, "PrincipalSID": "INFILTRATOR.HTB-S-1-5-32-544", "PrincipalType": "Group"}], "IsDeleted": false, "IsACLProtected": true},{"ObjectIdentifier": "INFILTRATOR.HTB-S-1-5-32-550", "Properties": {"domain": "INFILTRATOR.HTB", "domainsid": "S-1-5-21-2606098828-3734741516-3625406802", "highvalue": true, "name": "PRINT OPERATORS@INFILTRATOR.HTB", "distinguishedname": "CN=PRINT OPERATORS,CN=BUILTIN,DC=INFILTRATOR,DC=HTB", "admincount": true, "description": "Members can administer printers installed on domain controllers", "samaccountname": "Print Operators", "whencreated": 1701711307}, "Members": [], "Aces": [{"RightName": "Owns", "IsInherited": false, "PrincipalSID": "S-1-5-21-2606098828-3734741516-3625406802-512", "PrincipalType": "Group"}, {"RightName": "GenericWrite", "IsInherited": false, "PrincipalSID": "S-1-5-21-2606098828-3734741516-3625406802-512", "PrincipalType": "Group"}, {"RightName": "WriteOwner", "IsInherited": false, "PrincipalSID": "S-1-5-21-2606098828-3734741516-3625406802-512", "PrincipalType": "Group"}, {"RightName": "WriteDacl", "IsInherited": false, "PrincipalSID": "S-1-5-21-2606098828-3734741516-3625406802-512", "PrincipalType": "Group"}, {"RightName": "GenericWrite", "IsInherited": false, "PrincipalSID": "S-1-5-21-2606098828-3734741516-3625406802-519", "PrincipalType": "Group"}, {"RightName": "WriteOwner", "IsInherited": false, "PrincipalSID": "S-1-5-21-2606098828-3734741516-3625406802-519", "PrincipalType": "Group"}, {"RightName": "WriteDacl", "IsInherited": false, "PrincipalSID": "S-1-5-21-2606098828-3734741516-3625406802-519", "PrincipalType": "Group"}, {"RightName": "GenericWrite", "IsInherited": false, "PrincipalSID": "INFILTRATOR.HTB-S-1-5-32-544", "PrincipalType": "Group"}, {"RightName": "WriteOwner", "IsInherited": false, "PrincipalSID": "INFILTRATOR.HTB-S-1-5-32-544", "PrincipalType": "Group"}, {"RightName": "WriteDacl", "IsInherited": false, "PrincipalSID": "INFILTRATOR.HTB-S-1-5-32-544", "PrincipalType": "Group"}], "IsDeleted": false, "IsACLProtected": true},{"ObjectIdentifier": "INFILTRATOR.HTB-S-1-5-32-546", "Properties": {"domain": "INFILTRATOR.HTB", "domainsid": "S-1-5-21-2606098828-3734741516-3625406802", "highvalue": false, "name": "GUESTS@INFILTRATOR.HTB", "distinguishedname": "CN=GUESTS,CN=BUILTIN,DC=INFILTRATOR,DC=HTB", "admincount": false, "description": "Guests have the same access as members of the Users group by default, except for the Guest account which is further restricted", "samaccountname": "Guests", "whencreated": 1701711307}, "Members": [{"ObjectIdentifier": "S-1-5-21-2606098828-3734741516-3625406802-514", "ObjectType": "Group"}, {"ObjectIdentifier": "S-1-5-21-2606098828-3734741516-3625406802-501", "ObjectType": "User"}], "Aces": [{"RightName": "Owns", "IsInherited": false, "PrincipalSID": "INFILTRATOR.HTB-S-1-5-32-544", "PrincipalType": "Group"}, {"RightName": "GenericAll", "IsInherited": false, "PrincipalSID": "S-1-5-21-2606098828-3734741516-3625406802-512", "PrincipalType": "Group"}, {"RightName": "GenericAll", "IsInherited": false, "PrincipalSID": "INFILTRATOR.HTB-S-1-5-32-548", "PrincipalType": "Group"}, {"RightName": "GenericAll", "IsInherited": true, "PrincipalSID": "S-1-5-21-2606098828-3734741516-3625406802-519", "PrincipalType": "Group"}, {"RightName": "GenericWrite", "IsInherited": true, "PrincipalSID": "INFILTRATOR.HTB-S-1-5-32-544", "PrincipalType": "Group"}, {"RightName": "WriteOwner", "IsInherited": true, "PrincipalSID": "INFILTRATOR.HTB-S-1-5-32-544", "PrincipalType": "Group"}, {"RightName": "WriteDacl", "IsInherited": true, "PrincipalSID": "INFILTRATOR.HTB-S-1-5-32-544", "PrincipalType": "Group"}], "IsDeleted": false, "IsACLProtected": false},{"ObjectIdentifier": "INFILTRATOR.HTB-S-1-5-32-544", "Properties": {"domain": "INFILTRATOR.HTB", "domainsid": "S-1-5-21-2606098828-3734741516-3625406802", "highvalue": true, "name": "ADMINISTRATORS@INFILTRATOR.HTB", "distinguishedname": "CN=ADMINISTRATORS,CN=BUILTIN,DC=INFILTRATOR,DC=HTB", "admincount": true, "description": "Administrators have complete and unrestricted access to the computer/domain", "samaccountname": "Administrators", "whencreated": 1701711307}, "Members": [{"ObjectIdentifier": "S-1-5-21-2606098828-3734741516-3625406802-512", "ObjectType": "Group"}, {"ObjectIdentifier": "S-1-5-21-2606098828-3734741516-3625406802-519", "ObjectType": "Group"}, {"ObjectIdentifier": "S-1-5-21-2606098828-3734741516-3625406802-500", "ObjectType": "User"}], "Aces": [{"RightName": "Owns", "IsInherited": false, "PrincipalSID": "S-1-5-21-2606098828-3734741516-3625406802-512", "PrincipalType": "Group"}, {"RightName": "GenericWrite", "IsInherited": false, "PrincipalSID": "S-1-5-21-2606098828-3734741516-3625406802-512", "PrincipalType": "Group"}, {"RightName": "WriteOwner", "IsInherited": false, "PrincipalSID": "S-1-5-21-2606098828-3734741516-3625406802-512", "PrincipalType": "Group"}, {"RightName": "WriteDacl", "IsInherited": false, "PrincipalSID": "S-1-5-21-2606098828-3734741516-3625406802-512", "PrincipalType": "Group"}, {"RightName": "GenericWrite", "IsInherited": false, "PrincipalSID": "S-1-5-21-2606098828-3734741516-3625406802-519", "PrincipalType": "Group"}, {"RightName": "WriteOwner", "IsInherited": false, "PrincipalSID": "S-1-5-21-2606098828-3734741516-3625406802-519", "PrincipalType": "Group"}, {"RightName": "WriteDacl", "IsInherited": false, "PrincipalSID": "S-1-5-21-2606098828-3734741516-3625406802-519", "PrincipalType": "Group"}, {"RightName": "GenericWrite", "IsInherited": false, "PrincipalSID": "INFILTRATOR.HTB-S-1-5-32-544", "PrincipalType": "Group"}, {"RightName": "WriteOwner", "IsInherited": false, "PrincipalSID": "INFILTRATOR.HTB-S-1-5-32-544", "PrincipalType": "Group"}, {"RightName": "WriteDacl", "IsInherited": false, "PrincipalSID": "INFILTRATOR.HTB-S-1-5-32-544", "PrincipalType": "Group"}], "IsDeleted": false, "IsACLProtected": true},{"ObjectIdentifier": "INFILTRATOR.HTB-S-1-5-32-545", "Properties": {"domain": "INFILTRATOR.HTB", "domainsid": "S-1-5-21-2606098828-3734741516-3625406802", "highvalue": false, "name": "USERS@INFILTRATOR.HTB", "distinguishedname": "CN=USERS,CN=BUILTIN,DC=INFILTRATOR,DC=HTB", "admincount": false, "description": "Users are prevented from making accidental or intentional system-wide changes and can run most applications", "samaccountname": "Users", "whencreated": 1701711307}, "Members": [{"ObjectIdentifier": "S-1-5-21-2606098828-3734741516-3625406802-513", "ObjectType": "Group"}, {"ObjectIdentifier": "INFILTRATOR.HTB-S-1-5-11", "ObjectType": "Group"}, {"ObjectIdentifier": "INFILTRATOR.HTB-S-1-5-4", "ObjectType": "Group"}], "Aces": [{"RightName": "Owns", "IsInherited": false, "PrincipalSID": "INFILTRATOR.HTB-S-1-5-32-544", "PrincipalType": "Group"}, {"RightName": "GenericAll", "IsInherited": false, "PrincipalSID": "S-1-5-21-2606098828-3734741516-3625406802-512", "PrincipalType": "Group"}, {"RightName": "GenericAll", "IsInherited": false, "PrincipalSID": "INFILTRATOR.HTB-S-1-5-32-548", "PrincipalType": "Group"}, {"RightName": "GenericAll", "IsInherited": true, "PrincipalSID": "S-1-5-21-2606098828-3734741516-3625406802-519", "PrincipalType": "Group"}, {"RightName": "GenericWrite", "IsInherited": true, "PrincipalSID": "INFILTRATOR.HTB-S-1-5-32-544", "PrincipalType": "Group"}, {"RightName": "WriteOwner", "IsInherited": true, "PrincipalSID": "INFILTRATOR.HTB-S-1-5-32-544", "PrincipalType": "Group"}, {"RightName": "WriteDacl", "IsInherited": true, "PrincipalSID": "INFILTRATOR.HTB-S-1-5-32-544", "PrincipalType": "Group"}], "IsDeleted": false, "IsACLProtected": false},{"IsDeleted": false, "IsACLProtected": false, "ObjectIdentifier": "INFILTRATOR.HTB-S-1-5-9", "Properties": {"domain": "INFILTRATOR.HTB", "name": "ENTERPRISE DOMAIN CONTROLLERS@INFILTRATOR.HTB"}, "Members": [{"ObjectIdentifier": "S-1-5-21-2606098828-3734741516-3625406802-1000", "ObjectType": "Computer"}], "Aces": []},{"IsDeleted": false, "IsACLProtected": false, "ObjectIdentifier": "INFILTRATOR.HTB-S-1-1-0", "Properties": {"domain": "INFILTRATOR.HTB", "domainsid": "S-1-5-21-2606098828-3734741516-3625406802", "name": "EVERYONE@INFILTRATOR.HTB"}, "Members": [], "Aces": []},{"IsDeleted": false, "IsACLProtected": false, "ObjectIdentifier": "INFILTRATOR.HTB-S-1-5-11", "Properties": {"domain": "INFILTRATOR.HTB", "domainsid": "S-1-5-21-2606098828-3734741516-3625406802", "name": "AUTHENTICATED USERS@INFILTRATOR.HTB"}, "Members": [], "Aces": []},{"IsDeleted": false, "IsACLProtected": false, "ObjectIdentifier": "INFILTRATOR.HTB-S-1-5-4", "Properties": {"domain": "INFILTRATOR.HTB", "domainsid": "S-1-5-21-2606098828-3734741516-3625406802", "name": "INTERACTIVE@INFILTRATOR.HTB"}, "Members": [], "Aces": []}],"meta":{"methods":0,"type":"groups","count":58, "version":5}}