{"data":[{"AllowedToDelegate": [], "ObjectIdentifier": "INFILTRATOR.HTB-S-1-5-20", "PrimaryGroupSID": null, "Properties": {"domain": "INFILTRATOR.HTB", "domainsid": "S-1-5-21-2606098828-3734741516-3625406802", "name": "NT AUTHORITY@INFILTRATOR.HTB"}, "Aces": [], "SPNTargets": [], "HasSIDHistory": [], "IsDeleted": false, "IsACLProtected": false},{"AllowedToDelegate": [], "ObjectIdentifier": "S-1-5-21-2606098828-3734741516-3625406802-3102", "PrimaryGroupSID": "S-1-5-21-2606098828-3734741516-3625406802-515", "Properties": {"name": "INFILTRATOR_SVC$@INFILTRATOR.HTB", "domain": "INFILTRATOR.HTB", "domainsid": "S-1-5-21-2606098828-3734741516-3625406802", "distinguishedname": "CN=INFILTRATOR_SVC,CN=MANAGED SERVICE ACCOUNTS,DC=INFILTRATOR,DC=HTB", "unconstraineddelegation": false, "trustedtoauth": false, "passwordnotreqd": false, "enabled": true, "lastlogon": 0, "lastlogontimestamp": 1708345646, "pwdlastset": 1702222103, "dontreqpreauth": false, "pwdneverexpires": false, "sensitive": false, "serviceprincipalnames": [], "hasspn": false, "displayname": null, "email": null, "title": null, "homedirectory": null, "description": "dc01.infiltrator.htb", "userpassword": null, "admincount": false, "sidhistory": [], "whencreated": 1702222103, "unixpassword": null, "unicodepassword": null, "logonscript": null, "samaccountname": "infiltrator_svc$", "sfupassword": null}, "Aces": [{"RightName": "ReadGMSAPassword", "IsInherited": false, "PrincipalSID": "INFILTRATOR.HTB-S-1-5-32-544", "PrincipalType": "Group"}, {"RightName": "ReadGMSAPassword", "IsInherited": false, "PrincipalSID": "S-1-5-21-2606098828-3734741516-3625406802-8101", "PrincipalType": "User"}, {"RightName": "Owns", "IsInherited": false, "PrincipalSID": "S-1-5-21-2606098828-3734741516-3625406802-512", "PrincipalType": "Group"}, {"RightName": "AllExtendedRights", "IsInherited": false, "PrincipalSID": "S-1-5-21-2606098828-3734741516-3625406802-512", "PrincipalType": "Group"}, {"RightName": "GenericAll", "IsInherited": false, "PrincipalSID": "S-1-5-21-2606098828-3734741516-3625406802-512", "PrincipalType": "Group"}, {"RightName": "GenericAll", "IsInherited": false, "PrincipalSID": "INFILTRATOR.HTB-S-1-5-32-548", "PrincipalType": "Group"}, {"RightName": "AddKeyCredentialLink", "IsInherited": true, "PrincipalSID": "S-1-5-21-2606098828-3734741516-3625406802-526", "PrincipalType": "Group"}, {"RightName": "AddKeyCredentialLink", "IsInherited": true, "PrincipalSID": "S-1-5-21-2606098828-3734741516-3625406802-527", "PrincipalType": "Group"}, {"RightName": "GenericAll", "IsInherited": true, "PrincipalSID": "S-1-5-21-2606098828-3734741516-3625406802-519", "PrincipalType": "Group"}, {"RightName": "GenericWrite", "IsInherited": true, "PrincipalSID": "INFILTRATOR.HTB-S-1-5-32-544", "PrincipalType": "Group"}, {"RightName": "WriteOwner", "IsInherited": true, "PrincipalSID": "INFILTRATOR.HTB-S-1-5-32-544", "PrincipalType": "Group"}, {"RightName": "AllExtendedRights", "IsInherited": true, "PrincipalSID": "INFILTRATOR.HTB-S-1-5-32-544", "PrincipalType": "Group"}, {"RightName": "WriteDacl", "IsInherited": true, "PrincipalSID": "INFILTRATOR.HTB-S-1-5-32-544", "PrincipalType": "Group"}], "SPNTargets": [], "HasSIDHistory": [], "IsDeleted": false, "IsACLProtected": false},{"AllowedToDelegate": [], "ObjectIdentifier": "S-1-5-21-2606098828-3734741516-3625406802-8101", "PrimaryGroupSID": "S-1-5-21-2606098828-3734741516-3625406802-513", "Properties": {"name": "LAN_MANAGMENT@INFILTRATOR.HTB", "domain": "INFILTRATOR.HTB", "domainsid": "S-1-5-21-2606098828-3734741516-3625406802", "distinguishedname": "CN=LAN_MANAGMENT,CN=USERS,DC=INFILTRATOR,DC=HTB", "unconstraineddelegation": false, "trustedtoauth": false, "passwordnotreqd": false, "enabled": true, "lastlogon": 0, "lastlogontimestamp": -1, "pwdlastset": 1722638566, "dontreqpreauth": false, "pwdneverexpires": true, "sensitive": false, "serviceprincipalnames": [], "hasspn": false, "displayname": "lan_managment", "email": null, "title": null, "homedirectory": null, "description": null, "userpassword": null, "admincount": false, "sidhistory": [], "whencreated": 1708464497, "unixpassword": null, "unicodepassword": null, "logonscript": null, "samaccountname": "lan_managment", "sfupassword": null}, "Aces": [{"RightName": "Owns", "IsInherited": false, "PrincipalSID": "S-1-5-21-2606098828-3734741516-3625406802-512", "PrincipalType": "Group"}, {"RightName": "GenericAll", "IsInherited": false, "PrincipalSID": "S-1-5-21-2606098828-3734741516-3625406802-512", "PrincipalType": "Group"}, {"RightName": "GenericAll", "IsInherited": false, "PrincipalSID": "INFILTRATOR.HTB-S-1-5-32-548", "PrincipalType": "Group"}, {"RightName": "AddKeyCredentialLink", "IsInherited": true, "PrincipalSID": "S-1-5-21-2606098828-3734741516-3625406802-526", "PrincipalType": "Group"}, {"RightName": "AddKeyCredentialLink", "IsInherited": true, "PrincipalSID": "S-1-5-21-2606098828-3734741516-3625406802-527", "PrincipalType": "Group"}, {"RightName": "GenericAll", "IsInherited": true, "PrincipalSID": "S-1-5-21-2606098828-3734741516-3625406802-519", "PrincipalType": "Group"}, {"RightName": "GenericWrite", "IsInherited": true, "PrincipalSID": "INFILTRATOR.HTB-S-1-5-32-544", "PrincipalType": "Group"}, {"RightName": "WriteOwner", "IsInherited": true, "PrincipalSID": "INFILTRATOR.HTB-S-1-5-32-544", "PrincipalType": "Group"}, {"RightName": "AllExtendedRights", "IsInherited": true, "PrincipalSID": "INFILTRATOR.HTB-S-1-5-32-544", "PrincipalType": "Group"}, {"RightName": "WriteDacl", "IsInherited": true, "PrincipalSID": "INFILTRATOR.HTB-S-1-5-32-544", "PrincipalType": "Group"}], "SPNTargets": [], "HasSIDHistory": [], "IsDeleted": false, "IsACLProtected": false},{"AllowedToDelegate": [], "ObjectIdentifier": "S-1-5-21-2606098828-3734741516-3625406802-1109", "PrimaryGroupSID": "S-1-5-21-2606098828-3734741516-3625406802-513", "Properties": {"name": "E.RODRIGUEZ@INFILTRATOR.HTB", "domain": "INFILTRATOR.HTB", "domainsid": "S-1-5-21-2606098828-3734741516-3625406802", "distinguishedname": "CN=E.RODRIGUEZ,OU=MARKETING DIGITAL,DC=INFILTRATOR,DC=HTB", "unconstraineddelegation": false, "trustedtoauth": false, "passwordnotreqd": false, "enabled": true, "lastlogon": 1702092699, "lastlogontimestamp": 1701821786, "pwdlastset": 1725393702, "dontreqpreauth": false, "pwdneverexpires": true, "sensitive": false, "serviceprincipalnames": [], "hasspn": false, "displayname": null, "email": "rodriguez@infiltrator.htb", "title": "Digital Influencer", "homedirectory": null, "description": null, "userpassword": null, "admincount": false, "sidhistory": [], "whencreated": 1701716203, "unixpassword": null, "unicodepassword": null, "logonscript": null, "samaccountname": "E.rodriguez", "sfupassword": null}, "Aces": [{"RightName": "Owns", "IsInherited": false, "PrincipalSID": "S-1-5-21-2606098828-3734741516-3625406802-512", "PrincipalType": "Group"}, {"RightName": "GenericAll", "IsInherited": false, "PrincipalSID": "S-1-5-21-2606098828-3734741516-3625406802-512", "PrincipalType": "Group"}, {"RightName": "GenericAll", "IsInherited": false, "PrincipalSID": "INFILTRATOR.HTB-S-1-5-32-548", "PrincipalType": "Group"}, {"RightName": "AddKeyCredentialLink", "IsInherited": true, "PrincipalSID": "S-1-5-21-2606098828-3734741516-3625406802-526", "PrincipalType": "Group"}, {"RightName": "AddKeyCredentialLink", "IsInherited": true, "PrincipalSID": "S-1-5-21-2606098828-3734741516-3625406802-527", "PrincipalType": "Group"}, {"RightName": "GenericAll", "IsInherited": true, "PrincipalSID": "S-1-5-21-2606098828-3734741516-3625406802-519", "PrincipalType": "Group"}, {"RightName": "GenericWrite", "IsInherited": true, "PrincipalSID": "INFILTRATOR.HTB-S-1-5-32-544", "PrincipalType": "Group"}, {"RightName": "WriteOwner", "IsInherited": true, "PrincipalSID": "INFILTRATOR.HTB-S-1-5-32-544", "PrincipalType": "Group"}, {"RightName": "AllExtendedRights", "IsInherited": true, "PrincipalSID": "INFILTRATOR.HTB-S-1-5-32-544", "PrincipalType": "Group"}, {"RightName": "WriteDacl", "IsInherited": true, "PrincipalSID": "INFILTRATOR.HTB-S-1-5-32-544", "PrincipalType": "Group"}], "SPNTargets": [], "HasSIDHistory": [], "IsDeleted": false, "IsACLProtected": false},{"AllowedToDelegate": [], "ObjectIdentifier": "S-1-5-21-2606098828-3734741516-3625406802-1601", "PrimaryGroupSID": "S-1-5-21-2606098828-3734741516-3625406802-513", "Properties": {"name": "WINRM_SVC@INFILTRATOR.HTB", "domain": "INFILTRATOR.HTB", "domainsid": "S-1-5-21-2606098828-3734741516-3625406802", "distinguishedname": "CN=WINRM_SVC,CN=USERS,DC=INFILTRATOR,DC=HTB", "unconstraineddelegation": false, "trustedtoauth": false, "passwordnotreqd": false, "enabled": true, "lastlogon": 1708874726, "lastlogontimestamp": 1724332462, "pwdlastset": 1722638565, "dontreqpreauth": false, "pwdneverexpires": true, "sensitive": false, "serviceprincipalnames": [], "hasspn": false, "displayname": null, "email": "winrm_svc@infiltrator.htb", "title": "Services Managment", "homedirectory": null, "description": null, "userpassword": null, "admincount": false, "sidhistory": [], "whencreated": 1701813639, "unixpassword": null, "unicodepassword": null, "logonscript": null, "samaccountname": "winrm_svc", "sfupassword": null}, "Aces": [{"RightName": "Owns", "IsInherited": false, "PrincipalSID": "S-1-5-21-2606098828-3734741516-3625406802-512", "PrincipalType": "Group"}, {"RightName": "GenericAll", "IsInherited": false, "PrincipalSID": "S-1-5-21-2606098828-3734741516-3625406802-512", "PrincipalType": "Group"}, {"RightName": "GenericAll", "IsInherited": false, "PrincipalSID": "INFILTRATOR.HTB-S-1-5-32-548", "PrincipalType": "Group"}, {"RightName": "AddKeyCredentialLink", "IsInherited": true, "PrincipalSID": "S-1-5-21-2606098828-3734741516-3625406802-526", "PrincipalType": "Group"}, {"RightName": "AddKeyCredentialLink", "IsInherited": true, "PrincipalSID": "S-1-5-21-2606098828-3734741516-3625406802-527", "PrincipalType": "Group"}, {"RightName": "GenericAll", "IsInherited": true, "PrincipalSID": "S-1-5-21-2606098828-3734741516-3625406802-519", "PrincipalType": "Group"}, {"RightName": "GenericWrite", "IsInherited": true, "PrincipalSID": "INFILTRATOR.HTB-S-1-5-32-544", "PrincipalType": "Group"}, {"RightName": "WriteOwner", "IsInherited": true, "PrincipalSID": "INFILTRATOR.HTB-S-1-5-32-544", "PrincipalType": "Group"}, {"RightName": "AllExtendedRights", "IsInherited": true, "PrincipalSID": "INFILTRATOR.HTB-S-1-5-32-544", "PrincipalType": "Group"}, {"RightName": "WriteDacl", "IsInherited": true, "PrincipalSID": "INFILTRATOR.HTB-S-1-5-32-544", "PrincipalType": "Group"}], "SPNTargets": [], "HasSIDHistory": [], "IsDeleted": false, "IsACLProtected": false},{"AllowedToDelegate": [], "ObjectIdentifier": "S-1-5-21-2606098828-3734741516-3625406802-1107", "PrimaryGroupSID": "S-1-5-21-2606098828-3734741516-3625406802-513", "Properties": {"name": "A.WALKER@INFILTRATOR.HTB", "domain": "INFILTRATOR.HTB", "domainsid": "S-1-5-21-2606098828-3734741516-3625406802", "distinguishedname": "CN=A.WALKER,CN=USERS,DC=INFILTRATOR,DC=HTB", "unconstraineddelegation": false, "trustedtoauth": false, "passwordnotreqd": false, "enabled": true, "lastlogon": 0, "lastlogontimestamp": -1, "pwdlastset": 1701813988, "dontreqpreauth": false, "pwdneverexpires": true, "sensitive": false, "serviceprincipalnames": [], "hasspn": false, "displayname": null, "email": "walker@infiltrator.htb", "title": "Co Founder", "homedirectory": null, "description": null, "userpassword": null, "admincount": false, "sidhistory": [], "whencreated": 1701716181, "unixpassword": null, "unicodepassword": null, "logonscript": null, "samaccountname": "A.walker", "sfupassword": null}, "Aces": [{"RightName": "Owns", "IsInherited": false, "PrincipalSID": "S-1-5-21-2606098828-3734741516-3625406802-512", "PrincipalType": "Group"}, {"RightName": "GenericAll", "IsInherited": false, "PrincipalSID": "S-1-5-21-2606098828-3734741516-3625406802-512", "PrincipalType": "Group"}, {"RightName": "GenericAll", "IsInherited": false, "PrincipalSID": "INFILTRATOR.HTB-S-1-5-32-548", "PrincipalType": "Group"}, {"RightName": "AddKeyCredentialLink", "IsInherited": true, "PrincipalSID": "S-1-5-21-2606098828-3734741516-3625406802-526", "PrincipalType": "Group"}, {"RightName": "AddKeyCredentialLink", "IsInherited": true, "PrincipalSID": "S-1-5-21-2606098828-3734741516-3625406802-527", "PrincipalType": "Group"}, {"RightName": "GenericAll", "IsInherited": true, "PrincipalSID": "S-1-5-21-2606098828-3734741516-3625406802-519", "PrincipalType": "Group"}, {"RightName": "GenericWrite", "IsInherited": true, "PrincipalSID": "INFILTRATOR.HTB-S-1-5-32-544", "PrincipalType": "Group"}, {"RightName": "WriteOwner", "IsInherited": true, "PrincipalSID": "INFILTRATOR.HTB-S-1-5-32-544", "PrincipalType": "Group"}, {"RightName": "AllExtendedRights", "IsInherited": true, "PrincipalSID": "INFILTRATOR.HTB-S-1-5-32-544", "PrincipalType": "Group"}, {"RightName": "WriteDacl", "IsInherited": true, "PrincipalSID": "INFILTRATOR.HTB-S-1-5-32-544", "PrincipalType": "Group"}], "SPNTargets": [], "HasSIDHistory": [], "IsDeleted": false, "IsACLProtected": false},{"AllowedToDelegate": [], "ObjectIdentifier": "S-1-5-21-2606098828-3734741516-3625406802-1108", "PrimaryGroupSID": "S-1-5-21-2606098828-3734741516-3625406802-513", "Properties": {"name": "K.TURNER@INFILTRATOR.HTB", "domain": "INFILTRATOR.HTB", "domainsid": "S-1-5-21-2606098828-3734741516-3625406802", "distinguishedname": "CN=K.TURNER,CN=USERS,DC=INFILTRATOR,DC=HTB", "unconstraineddelegation": false, "trustedtoauth": false, "passwordnotreqd": false, "enabled": true, "lastlogon": 1701821115, "lastlogontimestamp": 1701821115, "pwdlastset": 1708875635, "dontreqpreauth": false, "pwdneverexpires": true, "sensitive": false, "serviceprincipalnames": [], "hasspn": false, "displayname": null, "email": "turner@infiltrator.htb", "title": "QA Tester", "homedirectory": null, "description": "MessengerApp@Pass!", "userpassword": null, "admincount": false, "sidhistory": [], "whencreated": 1701716190, "unixpassword": null, "unicodepassword": null, "logonscript": null, "samaccountname": "K.turner", "sfupassword": null}, "Aces": [{"RightName": "Owns", "IsInherited": false, "PrincipalSID": "S-1-5-21-2606098828-3734741516-3625406802-512", "PrincipalType": "Group"}, {"RightName": "GenericAll", "IsInherited": false, "PrincipalSID": "S-1-5-21-2606098828-3734741516-3625406802-512", "PrincipalType": "Group"}, {"RightName": "GenericAll", "IsInherited": false, "PrincipalSID": "INFILTRATOR.HTB-S-1-5-32-548", "PrincipalType": "Group"}, {"RightName": "AddKeyCredentialLink", "IsInherited": true, "PrincipalSID": "S-1-5-21-2606098828-3734741516-3625406802-526", "PrincipalType": "Group"}, {"RightName": "AddKeyCredentialLink", "IsInherited": true, "PrincipalSID": "S-1-5-21-2606098828-3734741516-3625406802-527", "PrincipalType": "Group"}, {"RightName": "GenericAll", "IsInherited": true, "PrincipalSID": "S-1-5-21-2606098828-3734741516-3625406802-519", "PrincipalType": "Group"}, {"RightName": "GenericWrite", "IsInherited": true, "PrincipalSID": "INFILTRATOR.HTB-S-1-5-32-544", "PrincipalType": "Group"}, {"RightName": "WriteOwner", "IsInherited": true, "PrincipalSID": "INFILTRATOR.HTB-S-1-5-32-544", "PrincipalType": "Group"}, {"RightName": "AllExtendedRights", "IsInherited": true, "PrincipalSID": "INFILTRATOR.HTB-S-1-5-32-544", "PrincipalType": "Group"}, {"RightName": "WriteDacl", "IsInherited": true, "PrincipalSID": "INFILTRATOR.HTB-S-1-5-32-544", "PrincipalType": "Group"}], "SPNTargets": [], "HasSIDHistory": [], "IsDeleted": false, "IsACLProtected": false},{"AllowedToDelegate": [], "ObjectIdentifier": "S-1-5-21-2606098828-3734741516-3625406802-502", "PrimaryGroupSID": "S-1-5-21-2606098828-3734741516-3625406802-513", "Properties": {"name": "KRBTGT@INFILTRATOR.HTB", "domain": "INFILTRATOR.HTB", "domainsid": "S-1-5-21-2606098828-3734741516-3625406802", "distinguishedname": "CN=KRBTGT,CN=USERS,DC=INFILTRATOR,DC=HTB", "unconstraineddelegation": false, "trustedtoauth": false, "passwordnotreqd": false, "enabled": false, "lastlogon": 0, "lastlogontimestamp": -1, "pwdlastset": 1701711376, "dontreqpreauth": false, "pwdneverexpires": false, "sensitive": false, "serviceprincipalnames": ["kadmin/changepw"], "hasspn": true, "displayname": null, "email": null, "title": null, "homedirectory": null, "description": "Key Distribution Center Service Account", "userpassword": null, "admincount": true, "sidhistory": [], "whencreated": 1701711376, "unixpassword": null, "unicodepassword": null, "logonscript": null, "samaccountname": "krbtgt", "sfupassword": null}, "Aces": [{"RightName": "Owns", "IsInherited": false, "PrincipalSID": "S-1-5-21-2606098828-3734741516-3625406802-512", "PrincipalType": "Group"}, {"RightName": "GenericWrite", "IsInherited": false, "PrincipalSID": "S-1-5-21-2606098828-3734741516-3625406802-512", "PrincipalType": "Group"}, {"RightName": "WriteOwner", "IsInherited": false, "PrincipalSID": "S-1-5-21-2606098828-3734741516-3625406802-512", "PrincipalType": "Group"}, {"RightName": "AllExtendedRights", "IsInherited": false, "PrincipalSID": "S-1-5-21-2606098828-3734741516-3625406802-512", "PrincipalType": "Group"}, {"RightName": "WriteDacl", "IsInherited": false, "PrincipalSID": "S-1-5-21-2606098828-3734741516-3625406802-512", "PrincipalType": "Group"}, {"RightName": "GenericWrite", "IsInherited": false, "PrincipalSID": "S-1-5-21-2606098828-3734741516-3625406802-519", "PrincipalType": "Group"}, {"RightName": "WriteOwner", "IsInherited": false, "PrincipalSID": "S-1-5-21-2606098828-3734741516-3625406802-519", "PrincipalType": "Group"}, {"RightName": "AllExtendedRights", "IsInherited": false, "PrincipalSID": "S-1-5-21-2606098828-3734741516-3625406802-519", "PrincipalType": "Group"}, {"RightName": "WriteDacl", "IsInherited": false, "PrincipalSID": "S-1-5-21-2606098828-3734741516-3625406802-519", "PrincipalType": "Group"}, {"RightName": "GenericWrite", "IsInherited": false, "PrincipalSID": "INFILTRATOR.HTB-S-1-5-32-544", "PrincipalType": "Group"}, {"RightName": "WriteOwner", "IsInherited": false, "PrincipalSID": "INFILTRATOR.HTB-S-1-5-32-544", "PrincipalType": "Group"}, {"RightName": "AllExtendedRights", "IsInherited": false, "PrincipalSID": "INFILTRATOR.HTB-S-1-5-32-544", "PrincipalType": "Group"}, {"RightName": "WriteDacl", "IsInherited": false, "PrincipalSID": "INFILTRATOR.HTB-S-1-5-32-544", "PrincipalType": "Group"}], "SPNTargets": [], "HasSIDHistory": [], "IsDeleted": false, "IsACLProtected": true},{"AllowedToDelegate": [], "ObjectIdentifier": "S-1-5-21-2606098828-3734741516-3625406802-1105", "PrimaryGroupSID": "S-1-5-21-2606098828-3734741516-3625406802-513", "Properties": {"name": "M.HARRIS@INFILTRATOR.HTB", "domain": "INFILTRATOR.HTB", "domainsid": "S-1-5-21-2606098828-3734741516-3625406802", "distinguishedname": "CN=M.HARRIS,CN=USERS,DC=INFILTRATOR,DC=HTB", "unconstraineddelegation": false, "trustedtoauth": false, "passwordnotreqd": false, "enabled": true, "lastlogon": 1724271127, "lastlogontimestamp": 1724271127, "pwdlastset": 1725393702, "dontreqpreauth": false, "pwdneverexpires": true, "sensitive": false, "serviceprincipalnames": [], "hasspn": false, "displayname": null, "email": "harris@infiltrator.htb", "title": "Developer", "homedirectory": null, "description": null, "userpassword": null, "admincount": false, "sidhistory": [], "whencreated": 1701716169, "unixpassword": null, "unicodepassword": null, "logonscript": null, "samaccountname": "M.harris", "sfupassword": null}, "Aces": [{"RightName": "Owns", "IsInherited": false, "PrincipalSID": "S-1-5-21-2606098828-3734741516-3625406802-512", "PrincipalType": "Group"}, {"RightName": "ForceChangePassword", "IsInherited": false, "PrincipalSID": "S-1-5-21-2606098828-3734741516-3625406802-1111", "PrincipalType": "Group"}, {"RightName": "GenericAll", "IsInherited": false, "PrincipalSID": "S-1-5-21-2606098828-3734741516-3625406802-512", "PrincipalType": "Group"}, {"RightName": "GenericAll", "IsInherited": false, "PrincipalSID": "INFILTRATOR.HTB-S-1-5-32-548", "PrincipalType": "Group"}, {"RightName": "AddKeyCredentialLink", "IsInherited": true, "PrincipalSID": "S-1-5-21-2606098828-3734741516-3625406802-526", "PrincipalType": "Group"}, {"RightName": "AddKeyCredentialLink", "IsInherited": true, "PrincipalSID": "S-1-5-21-2606098828-3734741516-3625406802-527", "PrincipalType": "Group"}, {"RightName": "GenericAll", "IsInherited": true, "PrincipalSID": "S-1-5-21-2606098828-3734741516-3625406802-519", "PrincipalType": "Group"}, {"RightName": "GenericWrite", "IsInherited": true, "PrincipalSID": "INFILTRATOR.HTB-S-1-5-32-544", "PrincipalType": "Group"}, {"RightName": "WriteOwner", "IsInherited": true, "PrincipalSID": "INFILTRATOR.HTB-S-1-5-32-544", "PrincipalType": "Group"}, {"RightName": "AllExtendedRights", "IsInherited": true, "PrincipalSID": "INFILTRATOR.HTB-S-1-5-32-544", "PrincipalType": "Group"}, {"RightName": "WriteDacl", "IsInherited": true, "PrincipalSID": "INFILTRATOR.HTB-S-1-5-32-544", "PrincipalType": "Group"}], "SPNTargets": [], "HasSIDHistory": [], "IsDeleted": false, "IsACLProtected": false},{"AllowedToDelegate": [], "ObjectIdentifier": "S-1-5-21-2606098828-3734741516-3625406802-1104", "PrimaryGroupSID": "S-1-5-21-2606098828-3734741516-3625406802-513", "Properties": {"name": "L.CLARK@INFILTRATOR.HTB", "domain": "INFILTRATOR.HTB", "domainsid": "S-1-5-21-2606098828-3734741516-3625406802", "distinguishedname": "CN=L.CLARK,CN=USERS,DC=INFILTRATOR,DC=HTB", "unconstraineddelegation": false, "trustedtoauth": false, "passwordnotreqd": false, "enabled": true, "lastlogon": 1725393834, "lastlogontimestamp": 1725393440, "pwdlastset": 1701716664, "dontreqpreauth": true, "pwdneverexpires": true, "sensitive": false, "serviceprincipalnames": [], "hasspn": false, "displayname": null, "email": "clark@infiltrator.htb", "title": "Marketing", "homedirectory": null, "description": null, "userpassword": null, "admincount": false, "sidhistory": [], "whencreated": 1701716162, "unixpassword": null, "unicodepassword": null, "logonscript": null, "samaccountname": "L.clark", "sfupassword": null}, "Aces": [{"RightName": "Owns", "IsInherited": false, "PrincipalSID": "S-1-5-21-2606098828-3734741516-3625406802-512", "PrincipalType": "Group"}, {"RightName": "GenericAll", "IsInherited": false, "PrincipalSID": "S-1-5-21-2606098828-3734741516-3625406802-512", "PrincipalType": "Group"}, {"RightName": "GenericAll", "IsInherited": false, "PrincipalSID": "INFILTRATOR.HTB-S-1-5-32-548", "PrincipalType": "Group"}, {"RightName": "AddKeyCredentialLink", "IsInherited": true, "PrincipalSID": "S-1-5-21-2606098828-3734741516-3625406802-526", "PrincipalType": "Group"}, {"RightName": "AddKeyCredentialLink", "IsInherited": true, "PrincipalSID": "S-1-5-21-2606098828-3734741516-3625406802-527", "PrincipalType": "Group"}, {"RightName": "GenericAll", "IsInherited": true, "PrincipalSID": "S-1-5-21-2606098828-3734741516-3625406802-519", "PrincipalType": "Group"}, {"RightName": "GenericWrite", "IsInherited": true, "PrincipalSID": "INFILTRATOR.HTB-S-1-5-32-544", "PrincipalType": "Group"}, {"RightName": "WriteOwner", "IsInherited": true, "PrincipalSID": "INFILTRATOR.HTB-S-1-5-32-544", "PrincipalType": "Group"}, {"RightName": "AllExtendedRights", "IsInherited": true, "PrincipalSID": "INFILTRATOR.HTB-S-1-5-32-544", "PrincipalType": "Group"}, {"RightName": "WriteDacl", "IsInherited": true, "PrincipalSID": "INFILTRATOR.HTB-S-1-5-32-544", "PrincipalType": "Group"}], "SPNTargets": [], "HasSIDHistory": [], "IsDeleted": false, "IsACLProtected": false},{"AllowedToDelegate": [], "ObjectIdentifier": "S-1-5-21-2606098828-3734741516-3625406802-500", "PrimaryGroupSID": "S-1-5-21-2606098828-3734741516-3625406802-513", "Properties": {"name": "ADMINISTRATOR@INFILTRATOR.HTB", "domain": "INFILTRATOR.HTB", "domainsid": "S-1-5-21-2606098828-3734741516-3625406802", "distinguishedname": "CN=ADMINISTRATOR,CN=USERS,DC=INFILTRATOR,DC=HTB", "unconstraineddelegation": false, "trustedtoauth": false, "passwordnotreqd": false, "enabled": true, "lastlogon": 1725393736, "lastlogontimestamp": 1725393107, "pwdlastset": 1724270308, "dontreqpreauth": false, "pwdneverexpires": true, "sensitive": false, "serviceprincipalnames": [], "hasspn": false, "displayname": null, "email": null, "title": null, "homedirectory": null, "description": "Built-in account for administering the computer/domain", "userpassword": null, "admincount": true, "sidhistory": [], "whencreated": 1701711307, "unixpassword": null, "unicodepassword": null, "logonscript": null, "samaccountname": "Administrator", "sfupassword": null}, "Aces": [{"RightName": "Owns", "IsInherited": false, "PrincipalSID": "S-1-5-21-2606098828-3734741516-3625406802-512", "PrincipalType": "Group"}, {"RightName": "GenericWrite", "IsInherited": false, "PrincipalSID": "S-1-5-21-2606098828-3734741516-3625406802-512", "PrincipalType": "Group"}, {"RightName": "WriteOwner", "IsInherited": false, "PrincipalSID": "S-1-5-21-2606098828-3734741516-3625406802-512", "PrincipalType": "Group"}, {"RightName": "AllExtendedRights", "IsInherited": false, "PrincipalSID": "S-1-5-21-2606098828-3734741516-3625406802-512", "PrincipalType": "Group"}, {"RightName": "WriteDacl", "IsInherited": false, "PrincipalSID": "S-1-5-21-2606098828-3734741516-3625406802-512", "PrincipalType": "Group"}, {"RightName": "GenericWrite", "IsInherited": false, "PrincipalSID": "S-1-5-21-2606098828-3734741516-3625406802-519", "PrincipalType": "Group"}, {"RightName": "WriteOwner", "IsInherited": false, "PrincipalSID": "S-1-5-21-2606098828-3734741516-3625406802-519", "PrincipalType": "Group"}, {"RightName": "AllExtendedRights", "IsInherited": false, "PrincipalSID": "S-1-5-21-2606098828-3734741516-3625406802-519", "PrincipalType": "Group"}, {"RightName": "WriteDacl", "IsInherited": false, "PrincipalSID": "S-1-5-21-2606098828-3734741516-3625406802-519", "PrincipalType": "Group"}, {"RightName": "GenericWrite", "IsInherited": false, "PrincipalSID": "INFILTRATOR.HTB-S-1-5-32-544", "PrincipalType": "Group"}, {"RightName": "WriteOwner", "IsInherited": false, "PrincipalSID": "INFILTRATOR.HTB-S-1-5-32-544", "PrincipalType": "Group"}, {"RightName": "AllExtendedRights", "IsInherited": false, "PrincipalSID": "INFILTRATOR.HTB-S-1-5-32-544", "PrincipalType": "Group"}, {"RightName": "WriteDacl", "IsInherited": false, "PrincipalSID": "INFILTRATOR.HTB-S-1-5-32-544", "PrincipalType": "Group"}], "SPNTargets": [], "HasSIDHistory": [], "IsDeleted": false, "IsACLProtected": true},{"AllowedToDelegate": [], "ObjectIdentifier": "S-1-5-21-2606098828-3734741516-3625406802-1106", "PrimaryGroupSID": "S-1-5-21-2606098828-3734741516-3625406802-513", "Properties": {"name": "O.MARTINEZ@INFILTRATOR.HTB", "domain": "INFILTRATOR.HTB", "domainsid": "S-1-5-21-2606098828-3734741516-3625406802", "distinguishedname": "CN=O.MARTINEZ,CN=USERS,DC=INFILTRATOR,DC=HTB", "unconstraineddelegation": false, "trustedtoauth": false, "passwordnotreqd": false, "enabled": true, "lastlogon": 1725393737, "lastlogontimestamp": 1725393138, "pwdlastset": 1708875663, "dontreqpreauth": false, "pwdneverexpires": true, "sensitive": false, "serviceprincipalnames": [], "hasspn": false, "displayname": null, "email": "martinez@infiltrator.htb", "title": "Chief Marketing Officer", "homedirectory": null, "description": null, "userpassword": null, "admincount": false, "sidhistory": [], "whencreated": 1701716181, "unixpassword": null, "unicodepassword": null, "logonscript": null, "samaccountname": "O.martinez", "sfupassword": null}, "Aces": [{"RightName": "Owns", "IsInherited": false, "PrincipalSID": "S-1-5-21-2606098828-3734741516-3625406802-512", "PrincipalType": "Group"}, {"RightName": "GenericAll", "IsInherited": false, "PrincipalSID": "S-1-5-21-2606098828-3734741516-3625406802-512", "PrincipalType": "Group"}, {"RightName": "GenericAll", "IsInherited": false, "PrincipalSID": "INFILTRATOR.HTB-S-1-5-32-548", "PrincipalType": "Group"}, {"RightName": "AddKeyCredentialLink", "IsInherited": true, "PrincipalSID": "S-1-5-21-2606098828-3734741516-3625406802-526", "PrincipalType": "Group"}, {"RightName": "AddKeyCredentialLink", "IsInherited": true, "PrincipalSID": "S-1-5-21-2606098828-3734741516-3625406802-527", "PrincipalType": "Group"}, {"RightName": "GenericAll", "IsInherited": true, "PrincipalSID": "S-1-5-21-2606098828-3734741516-3625406802-519", "PrincipalType": "Group"}, {"RightName": "GenericWrite", "IsInherited": true, "PrincipalSID": "INFILTRATOR.HTB-S-1-5-32-544", "PrincipalType": "Group"}, {"RightName": "WriteOwner", "IsInherited": true, "PrincipalSID": "INFILTRATOR.HTB-S-1-5-32-544", "PrincipalType": "Group"}, {"RightName": "AllExtendedRights", "IsInherited": true, "PrincipalSID": "INFILTRATOR.HTB-S-1-5-32-544", "PrincipalType": "Group"}, {"RightName": "WriteDacl", "IsInherited": true, "PrincipalSID": "INFILTRATOR.HTB-S-1-5-32-544", "PrincipalType": "Group"}], "SPNTargets": [], "HasSIDHistory": [], "IsDeleted": false, "IsACLProtected": false},{"AllowedToDelegate": [], "ObjectIdentifier": "S-1-5-21-2606098828-3734741516-3625406802-501", "PrimaryGroupSID": "S-1-5-21-2606098828-3734741516-3625406802-514", "Properties": {"name": "GUEST@INFILTRATOR.HTB", "domain": "INFILTRATOR.HTB", "domainsid": "S-1-5-21-2606098828-3734741516-3625406802", "distinguishedname": "CN=GUEST,CN=USERS,DC=INFILTRATOR,DC=HTB", "unconstraineddelegation": false, "trustedtoauth": false, "passwordnotreqd": true, "enabled": false, "lastlogon": 0, "lastlogontimestamp": -1, "pwdlastset": 0, "dontreqpreauth": false, "pwdneverexpires": true, "sensitive": false, "serviceprincipalnames": [], "hasspn": false, "displayname": null, "email": null, "title": null, "homedirectory": null, "description": "Built-in account for guest access to the computer/domain", "userpassword": null, "admincount": false, "sidhistory": [], "whencreated": 1701711307, "unixpassword": null, "unicodepassword": null, "logonscript": null, "samaccountname": "Guest", "sfupassword": null}, "Aces": [{"RightName": "Owns", "IsInherited": false, "PrincipalSID": "INFILTRATOR.HTB-S-1-5-32-544", "PrincipalType": "Group"}, {"RightName": "GenericAll", "IsInherited": false, "PrincipalSID": "S-1-5-21-2606098828-3734741516-3625406802-512", "PrincipalType": "Group"}, {"RightName": "GenericAll", "IsInherited": false, "PrincipalSID": "INFILTRATOR.HTB-S-1-5-32-548", "PrincipalType": "Group"}, {"RightName": "AddKeyCredentialLink", "IsInherited": true, "PrincipalSID": "S-1-5-21-2606098828-3734741516-3625406802-526", "PrincipalType": "Group"}, {"RightName": "AddKeyCredentialLink", "IsInherited": true, "PrincipalSID": "S-1-5-21-2606098828-3734741516-3625406802-527", "PrincipalType": "Group"}, {"RightName": "GenericAll", "IsInherited": true, "PrincipalSID": "S-1-5-21-2606098828-3734741516-3625406802-519", "PrincipalType": "Group"}, {"RightName": "GenericWrite", "IsInherited": true, "PrincipalSID": "INFILTRATOR.HTB-S-1-5-32-544", "PrincipalType": "Group"}, {"RightName": "WriteOwner", "IsInherited": true, "PrincipalSID": "INFILTRATOR.HTB-S-1-5-32-544", "PrincipalType": "Group"}, {"RightName": "AllExtendedRights", "IsInherited": true, "PrincipalSID": "INFILTRATOR.HTB-S-1-5-32-544", "PrincipalType": "Group"}, {"RightName": "WriteDacl", "IsInherited": true, "PrincipalSID": "INFILTRATOR.HTB-S-1-5-32-544", "PrincipalType": "Group"}], "SPNTargets": [], "HasSIDHistory": [], "IsDeleted": false, "IsACLProtected": false},{"AllowedToDelegate": [], "ObjectIdentifier": "S-1-5-21-2606098828-3734741516-3625406802-1103", "PrimaryGroupSID": "S-1-5-21-2606098828-3734741516-3625406802-513", "Properties": {"name": "D.ANDERSON@INFILTRATOR.HTB", "domain": "INFILTRATOR.HTB", "domainsid": "S-1-5-21-2606098828-3734741516-3625406802", "distinguishedname": "CN=D.ANDERSON,CN=USERS,DC=INFILTRATOR,DC=HTB", "unconstraineddelegation": false, "trustedtoauth": false, "passwordnotreqd": false, "enabled": true, "lastlogon": 1702082619, "lastlogontimestamp": 1701735565, "pwdlastset": 1701716162, "dontreqpreauth": false, "pwdneverexpires": true, "sensitive": false, "serviceprincipalnames": [], "hasspn": false, "displayname": null, "email": "anderson@infiltrator.htb", "title": "Marketing", "homedirectory": null, "description": null, "userpassword": null, "admincount": false, "sidhistory": [], "whencreated": 1701716161, "unixpassword": null, "unicodepassword": null, "logonscript": null, "samaccountname": "D.anderson", "sfupassword": null}, "Aces": [{"RightName": "Owns", "IsInherited": false, "PrincipalSID": "S-1-5-21-2606098828-3734741516-3625406802-512", "PrincipalType": "Group"}, {"RightName": "GenericAll", "IsInherited": false, "PrincipalSID": "S-1-5-21-2606098828-3734741516-3625406802-512", "PrincipalType": "Group"}, {"RightName": "GenericAll", "IsInherited": false, "PrincipalSID": "INFILTRATOR.HTB-S-1-5-32-548", "PrincipalType": "Group"}, {"RightName": "AddKeyCredentialLink", "IsInherited": true, "PrincipalSID": "S-1-5-21-2606098828-3734741516-3625406802-526", "PrincipalType": "Group"}, {"RightName": "AddKeyCredentialLink", "IsInherited": true, "PrincipalSID": "S-1-5-21-2606098828-3734741516-3625406802-527", "PrincipalType": "Group"}, {"RightName": "GenericAll", "IsInherited": true, "PrincipalSID": "S-1-5-21-2606098828-3734741516-3625406802-519", "PrincipalType": "Group"}, {"RightName": "GenericWrite", "IsInherited": true, "PrincipalSID": "INFILTRATOR.HTB-S-1-5-32-544", "PrincipalType": "Group"}, {"RightName": "WriteOwner", "IsInherited": true, "PrincipalSID": "INFILTRATOR.HTB-S-1-5-32-544", "PrincipalType": "Group"}, {"RightName": "AllExtendedRights", "IsInherited": true, "PrincipalSID": "INFILTRATOR.HTB-S-1-5-32-544", "PrincipalType": "Group"}, {"RightName": "WriteDacl", "IsInherited": true, "PrincipalSID": "INFILTRATOR.HTB-S-1-5-32-544", "PrincipalType": "Group"}], "SPNTargets": [], "HasSIDHistory": [], "IsDeleted": false, "IsACLProtected": false}],"meta":{"methods":0,"type":"users","count":14, "version":5}}