{"data": [{"ObjectIdentifier": "S-1-5-21-2606098828-3734741516-3625406802", "Properties": {"name": "INFILTRATOR.HTB", "domain": "INFILTRATOR.HTB", "domainsid": "S-1-5-21-2606098828-3734741516-3625406802", "distinguishedname": "DC=INFILTRATOR,DC=HTB", "description": "", "functionallevel": "2016", "highvalue": true, "whencreated": 1701711299}, "Trusts": [], "Aces": [{"RightName": "Owns", "IsInherited": false, "PrincipalSID": "INFILTRATOR.HTB-S-1-5-32-544", "PrincipalType": "Group"}, {"RightName": "GetChanges", "IsInherited": false, "PrincipalSID": "S-1-5-21-2606098828-3734741516-3625406802-498", "PrincipalType": "Group"}, {"RightName": "GetChangesAll", "IsInherited": false, "PrincipalSID": "S-1-5-21-2606098828-3734741516-3625406802-516", "PrincipalType": "Group"}, {"RightName": "GetChangesInFilteredSet", "IsInherited": false, "PrincipalSID": "INFILTRATOR.HTB-S-1-5-32-544", "PrincipalType": "Group"}, {"RightName": "GetChanges", "IsInherited": false, "PrincipalSID": "INFILTRATOR.HTB-S-1-5-32-544", "PrincipalType": "Group"}, {"RightName": "GetChangesAll", "IsInherited": false, "PrincipalSID": "INFILTRATOR.HTB-S-1-5-32-544", "PrincipalType": "Group"}, {"RightName": "GetChangesInFilteredSet", "IsInherited": false, "PrincipalSID": "INFILTRATOR.HTB-S-1-5-9", "PrincipalType": "Group"}, {"RightName": "GetChanges", "IsInherited": false, "PrincipalSID": "INFILTRATOR.HTB-S-1-5-9", "PrincipalType": "Group"}, {"RightName": "WriteOwner", "IsInherited": false, "PrincipalSID": "S-1-5-21-2606098828-3734741516-3625406802-512", "PrincipalType": "Group"}, {"RightName": "AllExtendedRights", "IsInherited": false, "PrincipalSID": "S-1-5-21-2606098828-3734741516-3625406802-512", "PrincipalType": "Group"}, {"RightName": "WriteDacl", "IsInherited": false, "PrincipalSID": "S-1-5-21-2606098828-3734741516-3625406802-512", "PrincipalType": "Group"}, {"RightName": "GenericAll", "IsInherited": false, "PrincipalSID": "S-1-5-21-2606098828-3734741516-3625406802-519", "PrincipalType": "Group"}, {"RightName": "WriteOwner", "IsInherited": false, "PrincipalSID": "INFILTRATOR.HTB-S-1-5-32-544", "PrincipalType": "Group"}, {"RightName": "AllExtendedRights", "IsInherited": false, "PrincipalSID": "INFILTRATOR.HTB-S-1-5-32-544", "PrincipalType": "Group"}, {"RightName": "WriteDacl", "IsInherited": false, "PrincipalSID": "INFILTRATOR.HTB-S-1-5-32-544", "PrincipalType": "Group"}], "Links": [{"IsEnforced": false, "GUID": "8554F7E9-5057-468A-8644-E5A66F2C6A9C"}], "ChildObjects": [{"ObjectIdentifier": "ACB8CF76-C206-4042-93F0-F64248D891BC", "ObjectType": "Container"}, {"ObjectIdentifier": "4821A642-E2BC-4024-A1E5-C22F524AE985", "ObjectType": "OU"}, {"ObjectIdentifier": "593D6FD9-992B-4A01-91FB-B7D62E2E5072", "ObjectType": "Container"}, {"ObjectIdentifier": "F31A124C-722C-4D94-B590-EE0F0CDECA6C", "ObjectType": "Container"}, {"ObjectIdentifier": "C0EA172C-0AEF-41CC-95B7-C845764A2799", "ObjectType": "OU"}, {"ObjectIdentifier": "11A3AC24-8716-4351-9FEB-A4E4DDCC6BF8", "ObjectType": "Container"}], "GPOChanges": {"AffectedComputers": [], "DcomUsers": [], "LocalAdmins": [], "PSRemoteUsers": [], "RemoteDesktopUsers": []}, "IsDeleted": false, "IsACLProtected": false}], "meta": {"type": "domains", "count": 1, "version": 5}}